"","subject","activity","mean_tbodyaccmag_minus_mean","mean_tbodyaccmag_minus_std","mean_tgravityaccmag_minus_mean","mean_tgravityaccmag_minus_std","mean_tbodyaccjerkmag_minus_mean","mean_tbodyjerkmag_minus_std","mean_tbodygyromag_minus_mean","mean_tbodygyromag_minus_std","mean_tbodygyrojerkmag_minus_mean","mean_tbodygyrojerkmag_minus_std"
"1",7,"WALKING",-0.54822165976717,-0.591225327146546,-0.54822165976717,-0.591225327146546,-0.649417950650692,-0.627762945785391,-0.60524856977632,-0.662533062898382,-0.762137610987416,-0.77799317279698
"2",21,"WALKING",-0.54822165976717,-0.591225327146546,-0.54822165976717,-0.591225327146546,-0.649417950650692,-0.627762945785391,-0.60524856977632,-0.662533062898382,-0.762137610987416,-0.77799317279698
"3",18,"WALKING",-0.54822165976717,-0.591225327146546,-0.54822165976717,-0.591225327146546,-0.649417950650692,-0.627762945785391,-0.60524856977632,-0.662533062898382,-0.762137610987416,-0.77799317279698
"4",11,"WALKING",-0.54822165976717,-0.591225327146546,-0.54822165976717,-0.591225327146546,-0.649417950650692,-0.627762945785391,-0.60524856977632,-0.662533062898382,-0.762137610987416,-0.77799317279698
"5",20,"WALKING",-0.54822165976717,-0.591225327146546,-0.54822165976717,-0.591225327146546,-0.649417950650692,-0.627762945785391,-0.60524856977632,-0.662533062898382,-0.762137610987416,-0.77799317279698
"6",22,"WALKING",-0.54822165976717,-0.591225327146546,-0.54822165976717,-0.591225327146546,-0.649417950650692,-0.627762945785391,-0.60524856977632,-0.662533062898382,-0.762137610987416,-0.77799317279698
"7",26,"WALKING",-0.54822165976717,-0.591225327146546,-0.54822165976717,-0.591225327146546,-0.649417950650692,-0.627762945785391,-0.60524856977632,-0.662533062898382,-0.762137610987416,-0.77799317279698
"8",6,"WALKING",-0.54822165976717,-0.591225327146546,-0.54822165976717,-0.591225327146546,-0.649417950650692,-0.627762945785391,-0.60524856977632,-0.662533062898382,-0.762137610987416,-0.77799317279698
"9",19,"WALKING",-0.54822165976717,-0.591225327146546,-0.54822165976717,-0.591225327146546,-0.649417950650692,-0.627762945785391,-0.60524856977632,-0.662533062898382,-0.762137610987416,-0.77799317279698
"10",14,"WALKING",-0.54822165976717,-0.591225327146546,-0.54822165976717,-0.591225327146546,-0.649417950650692,-0.627762945785391,-0.60524856977632,-0.662533062898382,-0.762137610987416,-0.77799317279698
"11",29,"WALKING",-0.54822165976717,-0.591225327146546,-0.54822165976717,-0.591225327146546,-0.649417950650692,-0.627762945785391,-0.60524856977632,-0.662533062898382,-0.762137610987416,-0.77799317279698
"12",27,"WALKING",-0.54822165976717,-0.591225327146546,-0.54822165976717,-0.591225327146546,-0.649417950650692,-0.627762945785391,-0.60524856977632,-0.662533062898382,-0.762137610987416,-0.77799317279698
"13",4,"WALKING",-0.54822165976717,-0.591225327146546,-0.54822165976717,-0.591225327146546,-0.649417950650692,-0.627762945785391,-0.60524856977632,-0.662533062898382,-0.762137610987416,-0.77799317279698
"14",3,"WALKING",-0.54822165976717,-0.591225327146546,-0.54822165976717,-0.591225327146546,-0.649417950650692,-0.627762945785391,-0.60524856977632,-0.662533062898382,-0.762137610987416,-0.77799317279698
"15",30,"WALKING",-0.54822165976717,-0.591225327146546,-0.54822165976717,-0.591225327146546,-0.649417950650692,-0.627762945785391,-0.60524856977632,-0.662533062898382,-0.762137610987416,-0.77799317279698
"16",13,"WALKING",-0.54822165976717,-0.591225327146546,-0.54822165976717,-0.591225327146546,-0.649417950650692,-0.627762945785391,-0.60524856977632,-0.662533062898382,-0.762137610987416,-0.77799317279698
"17",9,"WALKING",-0.54822165976717,-0.591225327146546,-0.54822165976717,-0.591225327146546,-0.649417950650692,-0.627762945785391,-0.60524856977632,-0.662533062898382,-0.762137610987416,-0.77799317279698
"18",12,"WALKING",-0.54822165976717,-0.591225327146546,-0.54822165976717,-0.591225327146546,-0.649417950650692,-0.627762945785391,-0.60524856977632,-0.662533062898382,-0.762137610987416,-0.77799317279698
"19",1,"WALKING",-0.54822165976717,-0.591225327146546,-0.54822165976717,-0.591225327146546,-0.649417950650692,-0.627762945785391,-0.60524856977632,-0.662533062898382,-0.762137610987416,-0.77799317279698
"20",8,"WALKING",-0.54822165976717,-0.591225327146546,-0.54822165976717,-0.591225327146546,-0.649417950650692,-0.627762945785391,-0.60524856977632,-0.662533062898382,-0.762137610987416,-0.77799317279698
"21",23,"WALKING",-0.54822165976717,-0.591225327146546,-0.54822165976717,-0.591225327146546,-0.649417950650692,-0.627762945785391,-0.60524856977632,-0.662533062898382,-0.762137610987416,-0.77799317279698
"22",25,"WALKING",-0.54822165976717,-0.591225327146546,-0.54822165976717,-0.591225327146546,-0.649417950650692,-0.627762945785391,-0.60524856977632,-0.662533062898382,-0.762137610987416,-0.77799317279698
"23",5,"WALKING",-0.54822165976717,-0.591225327146546,-0.54822165976717,-0.591225327146546,-0.649417950650692,-0.627762945785391,-0.60524856977632,-0.662533062898382,-0.762137610987416,-0.77799317279698
"24",28,"WALKING",-0.54822165976717,-0.591225327146546,-0.54822165976717,-0.591225327146546,-0.649417950650692,-0.627762945785391,-0.60524856977632,-0.662533062898382,-0.762137610987416,-0.77799317279698
"25",10,"WALKING",-0.54822165976717,-0.591225327146546,-0.54822165976717,-0.591225327146546,-0.649417950650692,-0.627762945785391,-0.60524856977632,-0.662533062898382,-0.762137610987416,-0.77799317279698
"26",24,"WALKING",-0.54822165976717,-0.591225327146546,-0.54822165976717,-0.591225327146546,-0.649417950650692,-0.627762945785391,-0.60524856977632,-0.662533062898382,-0.762137610987416,-0.77799317279698
"27",15,"WALKING",-0.54822165976717,-0.591225327146546,-0.54822165976717,-0.591225327146546,-0.649417950650692,-0.627762945785391,-0.60524856977632,-0.662533062898382,-0.762137610987416,-0.77799317279698
"28",16,"WALKING",-0.54822165976717,-0.591225327146546,-0.54822165976717,-0.591225327146546,-0.649417950650692,-0.627762945785391,-0.60524856977632,-0.662533062898382,-0.762137610987416,-0.77799317279698
"29",2,"WALKING",-0.54822165976717,-0.591225327146546,-0.54822165976717,-0.591225327146546,-0.649417950650692,-0.627762945785391,-0.60524856977632,-0.662533062898382,-0.762137610987416,-0.77799317279698
"30",17,"WALKING",-0.54822165976717,-0.591225327146546,-0.54822165976717,-0.591225327146546,-0.649417950650692,-0.627762945785391,-0.60524856977632,-0.662533062898382,-0.762137610987416,-0.77799317279698
"31",3,"WALKING_UPSTAIRS",-0.54822165976717,-0.591225327146546,-0.54822165976717,-0.591225327146546,-0.649417950650692,-0.627762945785391,-0.60524856977632,-0.662533062898382,-0.762137610987416,-0.77799317279698
"32",1,"WALKING_UPSTAIRS",-0.54822165976717,-0.591225327146546,-0.54822165976717,-0.591225327146546,-0.649417950650692,-0.627762945785391,-0.60524856977632,-0.662533062898382,-0.762137610987416,-0.77799317279698
"33",21,"WALKING_UPSTAIRS",-0.54822165976717,-0.591225327146546,-0.54822165976717,-0.591225327146546,-0.649417950650692,-0.627762945785391,-0.60524856977632,-0.662533062898382,-0.762137610987416,-0.77799317279698
"34",23,"WALKING_UPSTAIRS",-0.54822165976717,-0.591225327146546,-0.54822165976717,-0.591225327146546,-0.649417950650692,-0.627762945785391,-0.60524856977632,-0.662533062898382,-0.762137610987416,-0.77799317279698
"35",13,"WALKING_UPSTAIRS",-0.54822165976717,-0.591225327146546,-0.54822165976717,-0.591225327146546,-0.649417950650692,-0.627762945785391,-0.60524856977632,-0.662533062898382,-0.762137610987416,-0.77799317279698
"36",20,"WALKING_UPSTAIRS",-0.54822165976717,-0.591225327146546,-0.54822165976717,-0.591225327146546,-0.649417950650692,-0.627762945785391,-0.60524856977632,-0.662533062898382,-0.762137610987416,-0.77799317279698
"37",22,"WALKING_UPSTAIRS",-0.54822165976717,-0.591225327146546,-0.54822165976717,-0.591225327146546,-0.649417950650692,-0.627762945785391,-0.60524856977632,-0.662533062898382,-0.762137610987416,-0.77799317279698
"38",4,"WALKING_UPSTAIRS",-0.54822165976717,-0.591225327146546,-0.54822165976717,-0.591225327146546,-0.649417950650692,-0.627762945785391,-0.60524856977632,-0.662533062898382,-0.762137610987416,-0.77799317279698
"39",12,"WALKING_UPSTAIRS",-0.54822165976717,-0.591225327146546,-0.54822165976717,-0.591225327146546,-0.649417950650692,-0.627762945785391,-0.60524856977632,-0.662533062898382,-0.762137610987416,-0.77799317279698
"40",9,"WALKING_UPSTAIRS",-0.54822165976717,-0.591225327146546,-0.54822165976717,-0.591225327146546,-0.649417950650692,-0.627762945785391,-0.60524856977632,-0.662533062898382,-0.762137610987416,-0.77799317279698
"41",7,"WALKING_UPSTAIRS",-0.54822165976717,-0.591225327146546,-0.54822165976717,-0.591225327146546,-0.649417950650692,-0.627762945785391,-0.60524856977632,-0.662533062898382,-0.762137610987416,-0.77799317279698
"42",11,"WALKING_UPSTAIRS",-0.54822165976717,-0.591225327146546,-0.54822165976717,-0.591225327146546,-0.649417950650692,-0.627762945785391,-0.60524856977632,-0.662533062898382,-0.762137610987416,-0.77799317279698
"43",2,"WALKING_UPSTAIRS",-0.54822165976717,-0.591225327146546,-0.54822165976717,-0.591225327146546,-0.649417950650692,-0.627762945785391,-0.60524856977632,-0.662533062898382,-0.762137610987416,-0.77799317279698
"44",6,"WALKING_UPSTAIRS",-0.54822165976717,-0.591225327146546,-0.54822165976717,-0.591225327146546,-0.649417950650692,-0.627762945785391,-0.60524856977632,-0.662533062898382,-0.762137610987416,-0.77799317279698
"45",25,"WALKING_UPSTAIRS",-0.54822165976717,-0.591225327146546,-0.54822165976717,-0.591225327146546,-0.649417950650692,-0.627762945785391,-0.60524856977632,-0.662533062898382,-0.762137610987416,-0.77799317279698
"46",5,"WALKING_UPSTAIRS",-0.54822165976717,-0.591225327146546,-0.54822165976717,-0.591225327146546,-0.649417950650692,-0.627762945785391,-0.60524856977632,-0.662533062898382,-0.762137610987416,-0.77799317279698
"47",18,"WALKING_UPSTAIRS",-0.54822165976717,-0.591225327146546,-0.54822165976717,-0.591225327146546,-0.649417950650692,-0.627762945785391,-0.60524856977632,-0.662533062898382,-0.762137610987416,-0.77799317279698
"48",15,"WALKING_UPSTAIRS",-0.54822165976717,-0.591225327146546,-0.54822165976717,-0.591225327146546,-0.649417950650692,-0.627762945785391,-0.60524856977632,-0.662533062898382,-0.762137610987416,-0.77799317279698
"49",26,"WALKING_UPSTAIRS",-0.54822165976717,-0.591225327146546,-0.54822165976717,-0.591225327146546,-0.649417950650692,-0.627762945785391,-0.60524856977632,-0.662533062898382,-0.762137610987416,-0.77799317279698
"50",8,"WALKING_UPSTAIRS",-0.54822165976717,-0.591225327146546,-0.54822165976717,-0.591225327146546,-0.649417950650692,-0.627762945785391,-0.60524856977632,-0.662533062898382,-0.762137610987416,-0.77799317279698
"51",27,"WALKING_UPSTAIRS",-0.54822165976717,-0.591225327146546,-0.54822165976717,-0.591225327146546,-0.649417950650692,-0.627762945785391,-0.60524856977632,-0.662533062898382,-0.762137610987416,-0.77799317279698
"52",14,"WALKING_UPSTAIRS",-0.54822165976717,-0.591225327146546,-0.54822165976717,-0.591225327146546,-0.649417950650692,-0.627762945785391,-0.60524856977632,-0.662533062898382,-0.762137610987416,-0.77799317279698
"53",16,"WALKING_UPSTAIRS",-0.54822165976717,-0.591225327146546,-0.54822165976717,-0.591225327146546,-0.649417950650692,-0.627762945785391,-0.60524856977632,-0.662533062898382,-0.762137610987416,-0.77799317279698
"54",28,"WALKING_UPSTAIRS",-0.54822165976717,-0.591225327146546,-0.54822165976717,-0.591225327146546,-0.649417950650692,-0.627762945785391,-0.60524856977632,-0.662533062898382,-0.762137610987416,-0.77799317279698
"55",24,"WALKING_UPSTAIRS",-0.54822165976717,-0.591225327146546,-0.54822165976717,-0.591225327146546,-0.649417950650692,-0.627762945785391,-0.60524856977632,-0.662533062898382,-0.762137610987416,-0.77799317279698
"56",17,"WALKING_UPSTAIRS",-0.54822165976717,-0.591225327146546,-0.54822165976717,-0.591225327146546,-0.649417950650692,-0.627762945785391,-0.60524856977632,-0.662533062898382,-0.762137610987416,-0.77799317279698
"57",29,"WALKING_UPSTAIRS",-0.54822165976717,-0.591225327146546,-0.54822165976717,-0.591225327146546,-0.649417950650692,-0.627762945785391,-0.60524856977632,-0.662533062898382,-0.762137610987416,-0.77799317279698
"58",10,"WALKING_UPSTAIRS",-0.54822165976717,-0.591225327146546,-0.54822165976717,-0.591225327146546,-0.649417950650692,-0.627762945785391,-0.60524856977632,-0.662533062898382,-0.762137610987416,-0.77799317279698
"59",19,"WALKING_UPSTAIRS",-0.54822165976717,-0.591225327146546,-0.54822165976717,-0.591225327146546,-0.649417950650692,-0.627762945785391,-0.60524856977632,-0.662533062898382,-0.762137610987416,-0.77799317279698
"60",30,"WALKING_UPSTAIRS",-0.54822165976717,-0.591225327146546,-0.54822165976717,-0.591225327146546,-0.649417950650692,-0.627762945785391,-0.60524856977632,-0.662533062898382,-0.762137610987416,-0.77799317279698
"61",3,"WALKING_DOWNSTAIRS",-0.54822165976717,-0.591225327146546,-0.54822165976717,-0.591225327146546,-0.649417950650692,-0.627762945785391,-0.60524856977632,-0.662533062898382,-0.762137610987416,-0.77799317279698
"62",13,"WALKING_DOWNSTAIRS",-0.54822165976717,-0.591225327146546,-0.54822165976717,-0.591225327146546,-0.649417950650692,-0.627762945785391,-0.60524856977632,-0.662533062898382,-0.762137610987416,-0.77799317279698
"63",7,"WALKING_DOWNSTAIRS",-0.54822165976717,-0.591225327146546,-0.54822165976717,-0.591225327146546,-0.649417950650692,-0.627762945785391,-0.60524856977632,-0.662533062898382,-0.762137610987416,-0.77799317279698
"64",14,"WALKING_DOWNSTAIRS",-0.54822165976717,-0.591225327146546,-0.54822165976717,-0.591225327146546,-0.649417950650692,-0.627762945785391,-0.60524856977632,-0.662533062898382,-0.762137610987416,-0.77799317279698
"65",20,"WALKING_DOWNSTAIRS",-0.54822165976717,-0.591225327146546,-0.54822165976717,-0.591225327146546,-0.649417950650692,-0.627762945785391,-0.60524856977632,-0.662533062898382,-0.762137610987416,-0.77799317279698
"66",18,"WALKING_DOWNSTAIRS",-0.54822165976717,-0.591225327146546,-0.54822165976717,-0.591225327146546,-0.649417950650692,-0.627762945785391,-0.60524856977632,-0.662533062898382,-0.762137610987416,-0.77799317279698
"67",9,"WALKING_DOWNSTAIRS",-0.54822165976717,-0.591225327146546,-0.54822165976717,-0.591225327146546,-0.649417950650692,-0.627762945785391,-0.60524856977632,-0.662533062898382,-0.762137610987416,-0.77799317279698
"68",11,"WALKING_DOWNSTAIRS",-0.54822165976717,-0.591225327146546,-0.54822165976717,-0.591225327146546,-0.649417950650692,-0.627762945785391,-0.60524856977632,-0.662533062898382,-0.762137610987416,-0.77799317279698
"69",24,"WALKING_DOWNSTAIRS",-0.54822165976717,-0.591225327146546,-0.54822165976717,-0.591225327146546,-0.649417950650692,-0.627762945785391,-0.60524856977632,-0.662533062898382,-0.762137610987416,-0.77799317279698
"70",22,"WALKING_DOWNSTAIRS",-0.54822165976717,-0.591225327146546,-0.54822165976717,-0.591225327146546,-0.649417950650692,-0.627762945785391,-0.60524856977632,-0.662533062898382,-0.762137610987416,-0.77799317279698
"71",19,"WALKING_DOWNSTAIRS",-0.54822165976717,-0.591225327146546,-0.54822165976717,-0.591225327146546,-0.649417950650692,-0.627762945785391,-0.60524856977632,-0.662533062898382,-0.762137610987416,-0.77799317279698
"72",6,"WALKING_DOWNSTAIRS",-0.54822165976717,-0.591225327146546,-0.54822165976717,-0.591225327146546,-0.649417950650692,-0.627762945785391,-0.60524856977632,-0.662533062898382,-0.762137610987416,-0.77799317279698
"73",15,"WALKING_DOWNSTAIRS",-0.54822165976717,-0.591225327146546,-0.54822165976717,-0.591225327146546,-0.649417950650692,-0.627762945785391,-0.60524856977632,-0.662533062898382,-0.762137610987416,-0.77799317279698
"74",17,"WALKING_DOWNSTAIRS",-0.54822165976717,-0.591225327146546,-0.54822165976717,-0.591225327146546,-0.649417950650692,-0.627762945785391,-0.60524856977632,-0.662533062898382,-0.762137610987416,-0.77799317279698
"75",1,"WALKING_DOWNSTAIRS",-0.54822165976717,-0.591225327146546,-0.54822165976717,-0.591225327146546,-0.649417950650692,-0.627762945785391,-0.60524856977632,-0.662533062898382,-0.762137610987416,-0.77799317279698
"76",21,"WALKING_DOWNSTAIRS",-0.54822165976717,-0.591225327146546,-0.54822165976717,-0.591225327146546,-0.649417950650692,-0.627762945785391,-0.60524856977632,-0.662533062898382,-0.762137610987416,-0.77799317279698
"77",23,"WALKING_DOWNSTAIRS",-0.54822165976717,-0.591225327146546,-0.54822165976717,-0.591225327146546,-0.649417950650692,-0.627762945785391,-0.60524856977632,-0.662533062898382,-0.762137610987416,-0.77799317279698
"78",25,"WALKING_DOWNSTAIRS",-0.54822165976717,-0.591225327146546,-0.54822165976717,-0.591225327146546,-0.649417950650692,-0.627762945785391,-0.60524856977632,-0.662533062898382,-0.762137610987416,-0.77799317279698
"79",4,"WALKING_DOWNSTAIRS",-0.54822165976717,-0.591225327146546,-0.54822165976717,-0.591225327146546,-0.649417950650692,-0.627762945785391,-0.60524856977632,-0.662533062898382,-0.762137610987416,-0.77799317279698
"80",26,"WALKING_DOWNSTAIRS",-0.54822165976717,-0.591225327146546,-0.54822165976717,-0.591225327146546,-0.649417950650692,-0.627762945785391,-0.60524856977632,-0.662533062898382,-0.762137610987416,-0.77799317279698
"81",5,"WALKING_DOWNSTAIRS",-0.54822165976717,-0.591225327146546,-0.54822165976717,-0.591225327146546,-0.649417950650692,-0.627762945785391,-0.60524856977632,-0.662533062898382,-0.762137610987416,-0.77799317279698
"82",8,"WALKING_DOWNSTAIRS",-0.54822165976717,-0.591225327146546,-0.54822165976717,-0.591225327146546,-0.649417950650692,-0.627762945785391,-0.60524856977632,-0.662533062898382,-0.762137610987416,-0.77799317279698
"83",29,"WALKING_DOWNSTAIRS",-0.54822165976717,-0.591225327146546,-0.54822165976717,-0.591225327146546,-0.649417950650692,-0.627762945785391,-0.60524856977632,-0.662533062898382,-0.762137610987416,-0.77799317279698
"84",27,"WALKING_DOWNSTAIRS",-0.54822165976717,-0.591225327146546,-0.54822165976717,-0.591225327146546,-0.649417950650692,-0.627762945785391,-0.60524856977632,-0.662533062898382,-0.762137610987416,-0.77799317279698
"85",10,"WALKING_DOWNSTAIRS",-0.54822165976717,-0.591225327146546,-0.54822165976717,-0.591225327146546,-0.649417950650692,-0.627762945785391,-0.60524856977632,-0.662533062898382,-0.762137610987416,-0.77799317279698
"86",16,"WALKING_DOWNSTAIRS",-0.54822165976717,-0.591225327146546,-0.54822165976717,-0.591225327146546,-0.649417950650692,-0.627762945785391,-0.60524856977632,-0.662533062898382,-0.762137610987416,-0.77799317279698
"87",12,"WALKING_DOWNSTAIRS",-0.54822165976717,-0.591225327146546,-0.54822165976717,-0.591225327146546,-0.649417950650692,-0.627762945785391,-0.60524856977632,-0.662533062898382,-0.762137610987416,-0.77799317279698
"88",28,"WALKING_DOWNSTAIRS",-0.54822165976717,-0.591225327146546,-0.54822165976717,-0.591225327146546,-0.649417950650692,-0.627762945785391,-0.60524856977632,-0.662533062898382,-0.762137610987416,-0.77799317279698
"89",30,"WALKING_DOWNSTAIRS",-0.54822165976717,-0.591225327146546,-0.54822165976717,-0.591225327146546,-0.649417950650692,-0.627762945785391,-0.60524856977632,-0.662533062898382,-0.762137610987416,-0.77799317279698
"90",2,"WALKING_DOWNSTAIRS",-0.54822165976717,-0.591225327146546,-0.54822165976717,-0.591225327146546,-0.649417950650692,-0.627762945785391,-0.60524856977632,-0.662533062898382,-0.762137610987416,-0.77799317279698
"91",3,"SITTING",-0.54822165976717,-0.591225327146546,-0.54822165976717,-0.591225327146546,-0.649417950650692,-0.627762945785391,-0.60524856977632,-0.662533062898382,-0.762137610987416,-0.77799317279698
"92",29,"SITTING",-0.54822165976717,-0.591225327146546,-0.54822165976717,-0.591225327146546,-0.649417950650692,-0.627762945785391,-0.60524856977632,-0.662533062898382,-0.762137610987416,-0.77799317279698
"93",4,"SITTING",-0.54822165976717,-0.591225327146546,-0.54822165976717,-0.591225327146546,-0.649417950650692,-0.627762945785391,-0.60524856977632,-0.662533062898382,-0.762137610987416,-0.77799317279698
"94",10,"SITTING",-0.54822165976717,-0.591225327146546,-0.54822165976717,-0.591225327146546,-0.649417950650692,-0.627762945785391,-0.60524856977632,-0.662533062898382,-0.762137610987416,-0.77799317279698
"95",7,"SITTING",-0.54822165976717,-0.591225327146546,-0.54822165976717,-0.591225327146546,-0.649417950650692,-0.627762945785391,-0.60524856977632,-0.662533062898382,-0.762137610987416,-0.77799317279698
"96",12,"SITTING",-0.54822165976717,-0.591225327146546,-0.54822165976717,-0.591225327146546,-0.649417950650692,-0.627762945785391,-0.60524856977632,-0.662533062898382,-0.762137610987416,-0.77799317279698
"97",28,"SITTING",-0.54822165976717,-0.591225327146546,-0.54822165976717,-0.591225327146546,-0.649417950650692,-0.627762945785391,-0.60524856977632,-0.662533062898382,-0.762137610987416,-0.77799317279698
"98",6,"SITTING",-0.54822165976717,-0.591225327146546,-0.54822165976717,-0.591225327146546,-0.649417950650692,-0.627762945785391,-0.60524856977632,-0.662533062898382,-0.762137610987416,-0.77799317279698
"99",21,"SITTING",-0.54822165976717,-0.591225327146546,-0.54822165976717,-0.591225327146546,-0.649417950650692,-0.627762945785391,-0.60524856977632,-0.662533062898382,-0.762137610987416,-0.77799317279698
"100",25,"SITTING",-0.54822165976717,-0.591225327146546,-0.54822165976717,-0.591225327146546,-0.649417950650692,-0.627762945785391,-0.60524856977632,-0.662533062898382,-0.762137610987416,-0.77799317279698
"101",30,"SITTING",-0.54822165976717,-0.591225327146546,-0.54822165976717,-0.591225327146546,-0.649417950650692,-0.627762945785391,-0.60524856977632,-0.662533062898382,-0.762137610987416,-0.77799317279698
"102",9,"SITTING",-0.54822165976717,-0.591225327146546,-0.54822165976717,-0.591225327146546,-0.649417950650692,-0.627762945785391,-0.60524856977632,-0.662533062898382,-0.762137610987416,-0.77799317279698
"103",11,"SITTING",-0.54822165976717,-0.591225327146546,-0.54822165976717,-0.591225327146546,-0.649417950650692,-0.627762945785391,-0.60524856977632,-0.662533062898382,-0.762137610987416,-0.77799317279698
"104",5,"SITTING",-0.54822165976717,-0.591225327146546,-0.54822165976717,-0.591225327146546,-0.649417950650692,-0.627762945785391,-0.60524856977632,-0.662533062898382,-0.762137610987416,-0.77799317279698
"105",27,"SITTING",-0.54822165976717,-0.591225327146546,-0.54822165976717,-0.591225327146546,-0.649417950650692,-0.627762945785391,-0.60524856977632,-0.662533062898382,-0.762137610987416,-0.77799317279698
"106",13,"SITTING",-0.54822165976717,-0.591225327146546,-0.54822165976717,-0.591225327146546,-0.649417950650692,-0.627762945785391,-0.60524856977632,-0.662533062898382,-0.762137610987416,-0.77799317279698
"107",19,"SITTING",-0.54822165976717,-0.591225327146546,-0.54822165976717,-0.591225327146546,-0.649417950650692,-0.627762945785391,-0.60524856977632,-0.662533062898382,-0.762137610987416,-0.77799317279698
"108",20,"SITTING",-0.54822165976717,-0.591225327146546,-0.54822165976717,-0.591225327146546,-0.649417950650692,-0.627762945785391,-0.60524856977632,-0.662533062898382,-0.762137610987416,-0.77799317279698
"109",26,"SITTING",-0.54822165976717,-0.591225327146546,-0.54822165976717,-0.591225327146546,-0.649417950650692,-0.627762945785391,-0.60524856977632,-0.662533062898382,-0.762137610987416,-0.77799317279698
"110",14,"SITTING",-0.54822165976717,-0.591225327146546,-0.54822165976717,-0.591225327146546,-0.649417950650692,-0.627762945785391,-0.60524856977632,-0.662533062898382,-0.762137610987416,-0.77799317279698
"111",24,"SITTING",-0.54822165976717,-0.591225327146546,-0.54822165976717,-0.591225327146546,-0.649417950650692,-0.627762945785391,-0.60524856977632,-0.662533062898382,-0.762137610987416,-0.77799317279698
"112",2,"SITTING",-0.54822165976717,-0.591225327146546,-0.54822165976717,-0.591225327146546,-0.649417950650692,-0.627762945785391,-0.60524856977632,-0.662533062898382,-0.762137610987416,-0.77799317279698
"113",22,"SITTING",-0.54822165976717,-0.591225327146546,-0.54822165976717,-0.591225327146546,-0.649417950650692,-0.627762945785391,-0.60524856977632,-0.662533062898382,-0.762137610987416,-0.77799317279698
"114",8,"SITTING",-0.54822165976717,-0.591225327146546,-0.54822165976717,-0.591225327146546,-0.649417950650692,-0.627762945785391,-0.60524856977632,-0.662533062898382,-0.762137610987416,-0.77799317279698
"115",1,"SITTING",-0.54822165976717,-0.591225327146546,-0.54822165976717,-0.591225327146546,-0.649417950650692,-0.627762945785391,-0.60524856977632,-0.662533062898382,-0.762137610987416,-0.77799317279698
"116",23,"SITTING",-0.54822165976717,-0.591225327146546,-0.54822165976717,-0.591225327146546,-0.649417950650692,-0.627762945785391,-0.60524856977632,-0.662533062898382,-0.762137610987416,-0.77799317279698
"117",18,"SITTING",-0.54822165976717,-0.591225327146546,-0.54822165976717,-0.591225327146546,-0.649417950650692,-0.627762945785391,-0.60524856977632,-0.662533062898382,-0.762137610987416,-0.77799317279698
"118",16,"SITTING",-0.54822165976717,-0.591225327146546,-0.54822165976717,-0.591225327146546,-0.649417950650692,-0.627762945785391,-0.60524856977632,-0.662533062898382,-0.762137610987416,-0.77799317279698
"119",17,"SITTING",-0.54822165976717,-0.591225327146546,-0.54822165976717,-0.591225327146546,-0.649417950650692,-0.627762945785391,-0.60524856977632,-0.662533062898382,-0.762137610987416,-0.77799317279698
"120",15,"SITTING",-0.54822165976717,-0.591225327146546,-0.54822165976717,-0.591225327146546,-0.649417950650692,-0.627762945785391,-0.60524856977632,-0.662533062898382,-0.762137610987416,-0.77799317279698
"121",2,"STANDING",-0.54822165976717,-0.591225327146546,-0.54822165976717,-0.591225327146546,-0.649417950650692,-0.627762945785391,-0.60524856977632,-0.662533062898382,-0.762137610987416,-0.77799317279698
"122",3,"STANDING",-0.54822165976717,-0.591225327146546,-0.54822165976717,-0.591225327146546,-0.649417950650692,-0.627762945785391,-0.60524856977632,-0.662533062898382,-0.762137610987416,-0.77799317279698
"123",20,"STANDING",-0.54822165976717,-0.591225327146546,-0.54822165976717,-0.591225327146546,-0.649417950650692,-0.627762945785391,-0.60524856977632,-0.662533062898382,-0.762137610987416,-0.77799317279698
"124",7,"STANDING",-0.54822165976717,-0.591225327146546,-0.54822165976717,-0.591225327146546,-0.649417950650692,-0.627762945785391,-0.60524856977632,-0.662533062898382,-0.762137610987416,-0.77799317279698
"125",27,"STANDING",-0.54822165976717,-0.591225327146546,-0.54822165976717,-0.591225327146546,-0.649417950650692,-0.627762945785391,-0.60524856977632,-0.662533062898382,-0.762137610987416,-0.77799317279698
"126",30,"STANDING",-0.54822165976717,-0.591225327146546,-0.54822165976717,-0.591225327146546,-0.649417950650692,-0.627762945785391,-0.60524856977632,-0.662533062898382,-0.762137610987416,-0.77799317279698
"127",4,"STANDING",-0.54822165976717,-0.591225327146546,-0.54822165976717,-0.591225327146546,-0.649417950650692,-0.627762945785391,-0.60524856977632,-0.662533062898382,-0.762137610987416,-0.77799317279698
"128",12,"STANDING",-0.54822165976717,-0.591225327146546,-0.54822165976717,-0.591225327146546,-0.649417950650692,-0.627762945785391,-0.60524856977632,-0.662533062898382,-0.762137610987416,-0.77799317279698
"129",5,"STANDING",-0.54822165976717,-0.591225327146546,-0.54822165976717,-0.591225327146546,-0.649417950650692,-0.627762945785391,-0.60524856977632,-0.662533062898382,-0.762137610987416,-0.77799317279698
"130",19,"STANDING",-0.54822165976717,-0.591225327146546,-0.54822165976717,-0.591225327146546,-0.649417950650692,-0.627762945785391,-0.60524856977632,-0.662533062898382,-0.762137610987416,-0.77799317279698
"131",21,"STANDING",-0.54822165976717,-0.591225327146546,-0.54822165976717,-0.591225327146546,-0.649417950650692,-0.627762945785391,-0.60524856977632,-0.662533062898382,-0.762137610987416,-0.77799317279698
"132",13,"STANDING",-0.54822165976717,-0.591225327146546,-0.54822165976717,-0.591225327146546,-0.649417950650692,-0.627762945785391,-0.60524856977632,-0.662533062898382,-0.762137610987416,-0.77799317279698
"133",10,"STANDING",-0.54822165976717,-0.591225327146546,-0.54822165976717,-0.591225327146546,-0.649417950650692,-0.627762945785391,-0.60524856977632,-0.662533062898382,-0.762137610987416,-0.77799317279698
"134",8,"STANDING",-0.54822165976717,-0.591225327146546,-0.54822165976717,-0.591225327146546,-0.649417950650692,-0.627762945785391,-0.60524856977632,-0.662533062898382,-0.762137610987416,-0.77799317279698
"135",11,"STANDING",-0.54822165976717,-0.591225327146546,-0.54822165976717,-0.591225327146546,-0.649417950650692,-0.627762945785391,-0.60524856977632,-0.662533062898382,-0.762137610987416,-0.77799317279698
"136",9,"STANDING",-0.54822165976717,-0.591225327146546,-0.54822165976717,-0.591225327146546,-0.649417950650692,-0.627762945785391,-0.60524856977632,-0.662533062898382,-0.762137610987416,-0.77799317279698
"137",24,"STANDING",-0.54822165976717,-0.591225327146546,-0.54822165976717,-0.591225327146546,-0.649417950650692,-0.627762945785391,-0.60524856977632,-0.662533062898382,-0.762137610987416,-0.77799317279698
"138",22,"STANDING",-0.54822165976717,-0.591225327146546,-0.54822165976717,-0.591225327146546,-0.649417950650692,-0.627762945785391,-0.60524856977632,-0.662533062898382,-0.762137610987416,-0.77799317279698
"139",18,"STANDING",-0.54822165976717,-0.591225327146546,-0.54822165976717,-0.591225327146546,-0.649417950650692,-0.627762945785391,-0.60524856977632,-0.662533062898382,-0.762137610987416,-0.77799317279698
"140",28,"STANDING",-0.54822165976717,-0.591225327146546,-0.54822165976717,-0.591225327146546,-0.649417950650692,-0.627762945785391,-0.60524856977632,-0.662533062898382,-0.762137610987416,-0.77799317279698
"141",6,"STANDING",-0.54822165976717,-0.591225327146546,-0.54822165976717,-0.591225327146546,-0.649417950650692,-0.627762945785391,-0.60524856977632,-0.662533062898382,-0.762137610987416,-0.77799317279698
"142",17,"STANDING",-0.54822165976717,-0.591225327146546,-0.54822165976717,-0.591225327146546,-0.649417950650692,-0.627762945785391,-0.60524856977632,-0.662533062898382,-0.762137610987416,-0.77799317279698
"143",16,"STANDING",-0.54822165976717,-0.591225327146546,-0.54822165976717,-0.591225327146546,-0.649417950650692,-0.627762945785391,-0.60524856977632,-0.662533062898382,-0.762137610987416,-0.77799317279698
"144",14,"STANDING",-0.54822165976717,-0.591225327146546,-0.54822165976717,-0.591225327146546,-0.649417950650692,-0.627762945785391,-0.60524856977632,-0.662533062898382,-0.762137610987416,-0.77799317279698
"145",23,"STANDING",-0.54822165976717,-0.591225327146546,-0.54822165976717,-0.591225327146546,-0.649417950650692,-0.627762945785391,-0.60524856977632,-0.662533062898382,-0.762137610987416,-0.77799317279698
"146",15,"STANDING",-0.54822165976717,-0.591225327146546,-0.54822165976717,-0.591225327146546,-0.649417950650692,-0.627762945785391,-0.60524856977632,-0.662533062898382,-0.762137610987416,-0.77799317279698
"147",29,"STANDING",-0.54822165976717,-0.591225327146546,-0.54822165976717,-0.591225327146546,-0.649417950650692,-0.627762945785391,-0.60524856977632,-0.662533062898382,-0.762137610987416,-0.77799317279698
"148",26,"STANDING",-0.54822165976717,-0.591225327146546,-0.54822165976717,-0.591225327146546,-0.649417950650692,-0.627762945785391,-0.60524856977632,-0.662533062898382,-0.762137610987416,-0.77799317279698
"149",25,"STANDING",-0.54822165976717,-0.591225327146546,-0.54822165976717,-0.591225327146546,-0.649417950650692,-0.627762945785391,-0.60524856977632,-0.662533062898382,-0.762137610987416,-0.77799317279698
"150",1,"STANDING",-0.54822165976717,-0.591225327146546,-0.54822165976717,-0.591225327146546,-0.649417950650692,-0.627762945785391,-0.60524856977632,-0.662533062898382,-0.762137610987416,-0.77799317279698
"151",30,"LAYING",-0.54822165976717,-0.591225327146546,-0.54822165976717,-0.591225327146546,-0.649417950650692,-0.627762945785391,-0.60524856977632,-0.662533062898382,-0.762137610987416,-0.77799317279698
"152",27,"LAYING",-0.54822165976717,-0.591225327146546,-0.54822165976717,-0.591225327146546,-0.649417950650692,-0.627762945785391,-0.60524856977632,-0.662533062898382,-0.762137610987416,-0.77799317279698
"153",14,"LAYING",-0.54822165976717,-0.591225327146546,-0.54822165976717,-0.591225327146546,-0.649417950650692,-0.627762945785391,-0.60524856977632,-0.662533062898382,-0.762137610987416,-0.77799317279698
"154",28,"LAYING",-0.54822165976717,-0.591225327146546,-0.54822165976717,-0.591225327146546,-0.649417950650692,-0.627762945785391,-0.60524856977632,-0.662533062898382,-0.762137610987416,-0.77799317279698
"155",6,"LAYING",-0.54822165976717,-0.591225327146546,-0.54822165976717,-0.591225327146546,-0.649417950650692,-0.627762945785391,-0.60524856977632,-0.662533062898382,-0.762137610987416,-0.77799317279698
"156",13,"LAYING",-0.54822165976717,-0.591225327146546,-0.54822165976717,-0.591225327146546,-0.649417950650692,-0.627762945785391,-0.60524856977632,-0.662533062898382,-0.762137610987416,-0.77799317279698
"157",26,"LAYING",-0.54822165976717,-0.591225327146546,-0.54822165976717,-0.591225327146546,-0.649417950650692,-0.627762945785391,-0.60524856977632,-0.662533062898382,-0.762137610987416,-0.77799317279698
"158",29,"LAYING",-0.54822165976717,-0.591225327146546,-0.54822165976717,-0.591225327146546,-0.649417950650692,-0.627762945785391,-0.60524856977632,-0.662533062898382,-0.762137610987416,-0.77799317279698
"159",20,"LAYING",-0.54822165976717,-0.591225327146546,-0.54822165976717,-0.591225327146546,-0.649417950650692,-0.627762945785391,-0.60524856977632,-0.662533062898382,-0.762137610987416,-0.77799317279698
"160",12,"LAYING",-0.54822165976717,-0.591225327146546,-0.54822165976717,-0.591225327146546,-0.649417950650692,-0.627762945785391,-0.60524856977632,-0.662533062898382,-0.762137610987416,-0.77799317279698
"161",11,"LAYING",-0.54822165976717,-0.591225327146546,-0.54822165976717,-0.591225327146546,-0.649417950650692,-0.627762945785391,-0.60524856977632,-0.662533062898382,-0.762137610987416,-0.77799317279698
"162",3,"LAYING",-0.54822165976717,-0.591225327146546,-0.54822165976717,-0.591225327146546,-0.649417950650692,-0.627762945785391,-0.60524856977632,-0.662533062898382,-0.762137610987416,-0.77799317279698
"163",7,"LAYING",-0.54822165976717,-0.591225327146546,-0.54822165976717,-0.591225327146546,-0.649417950650692,-0.627762945785391,-0.60524856977632,-0.662533062898382,-0.762137610987416,-0.77799317279698
"164",10,"LAYING",-0.54822165976717,-0.591225327146546,-0.54822165976717,-0.591225327146546,-0.649417950650692,-0.627762945785391,-0.60524856977632,-0.662533062898382,-0.762137610987416,-0.77799317279698
"165",8,"LAYING",-0.54822165976717,-0.591225327146546,-0.54822165976717,-0.591225327146546,-0.649417950650692,-0.627762945785391,-0.60524856977632,-0.662533062898382,-0.762137610987416,-0.77799317279698
"166",21,"LAYING",-0.54822165976717,-0.591225327146546,-0.54822165976717,-0.591225327146546,-0.649417950650692,-0.627762945785391,-0.60524856977632,-0.662533062898382,-0.762137610987416,-0.77799317279698
"167",4,"LAYING",-0.54822165976717,-0.591225327146546,-0.54822165976717,-0.591225327146546,-0.649417950650692,-0.627762945785391,-0.60524856977632,-0.662533062898382,-0.762137610987416,-0.77799317279698
"168",18,"LAYING",-0.54822165976717,-0.591225327146546,-0.54822165976717,-0.591225327146546,-0.649417950650692,-0.627762945785391,-0.60524856977632,-0.662533062898382,-0.762137610987416,-0.77799317279698
"169",5,"LAYING",-0.54822165976717,-0.591225327146546,-0.54822165976717,-0.591225327146546,-0.649417950650692,-0.627762945785391,-0.60524856977632,-0.662533062898382,-0.762137610987416,-0.77799317279698
"170",22,"LAYING",-0.54822165976717,-0.591225327146546,-0.54822165976717,-0.591225327146546,-0.649417950650692,-0.627762945785391,-0.60524856977632,-0.662533062898382,-0.762137610987416,-0.77799317279698
"171",9,"LAYING",-0.54822165976717,-0.591225327146546,-0.54822165976717,-0.591225327146546,-0.649417950650692,-0.627762945785391,-0.60524856977632,-0.662533062898382,-0.762137610987416,-0.77799317279698
"172",25,"LAYING",-0.54822165976717,-0.591225327146546,-0.54822165976717,-0.591225327146546,-0.649417950650692,-0.627762945785391,-0.60524856977632,-0.662533062898382,-0.762137610987416,-0.77799317279698
"173",19,"LAYING",-0.54822165976717,-0.591225327146546,-0.54822165976717,-0.591225327146546,-0.649417950650692,-0.627762945785391,-0.60524856977632,-0.662533062898382,-0.762137610987416,-0.77799317279698
"174",23,"LAYING",-0.54822165976717,-0.591225327146546,-0.54822165976717,-0.591225327146546,-0.649417950650692,-0.627762945785391,-0.60524856977632,-0.662533062898382,-0.762137610987416,-0.77799317279698
"175",24,"LAYING",-0.54822165976717,-0.591225327146546,-0.54822165976717,-0.591225327146546,-0.649417950650692,-0.627762945785391,-0.60524856977632,-0.662533062898382,-0.762137610987416,-0.77799317279698
"176",16,"LAYING",-0.54822165976717,-0.591225327146546,-0.54822165976717,-0.591225327146546,-0.649417950650692,-0.627762945785391,-0.60524856977632,-0.662533062898382,-0.762137610987416,-0.77799317279698
"177",1,"LAYING",-0.54822165976717,-0.591225327146546,-0.54822165976717,-0.591225327146546,-0.649417950650692,-0.627762945785391,-0.60524856977632,-0.662533062898382,-0.762137610987416,-0.77799317279698
"178",15,"LAYING",-0.54822165976717,-0.591225327146546,-0.54822165976717,-0.591225327146546,-0.649417950650692,-0.627762945785391,-0.60524856977632,-0.662533062898382,-0.762137610987416,-0.77799317279698
"179",2,"LAYING",-0.54822165976717,-0.591225327146546,-0.54822165976717,-0.591225327146546,-0.649417950650692,-0.627762945785391,-0.60524856977632,-0.662533062898382,-0.762137610987416,-0.77799317279698
"180",17,"LAYING",-0.54822165976717,-0.591225327146546,-0.54822165976717,-0.591225327146546,-0.649417950650692,-0.627762945785391,-0.60524856977632,-0.662533062898382,-0.762137610987416,-0.77799317279698
