"","subject","activity","mean_tbodyaccjerk_minus_mean_minus_x","mean_tbodyaccjerk_minus_mean_minus_y","mean_tbodyaccjerk_minus_mean_minus_z","mean_tbodyaccjerk_minus_std_minus_x","mean_tbodyaccjerk_minus_std_minus_y","mean_tbodyaccjerk_minus_std_minus_z","mean_tbodygyrojerk_minus_mean_minus_x","mean_tbodygyrojerk_minus_mean_minus_y","mean_tbodygyrojerk_minus_mean_minus_z","mean_tbodygyrojerk_minus_std_minus_x","mean_tbodygyrojerk_minus_std_minus_y","mean_tbodygyrojerk_minus_std_minus_z"
"1",7,"WALKING",0.0789381220355816,0.0079481069090025,-0.00467469823628666,-0.63978102073413,-0.607971599340832,-0.762820240449202,-0.0967092754729682,-0.0423181079782632,-0.0548303497968374,-0.731348533131935,-0.786062320321895,-0.739932395222129
"2",21,"WALKING",0.0789381220355816,0.0079481069090025,-0.00467469823628666,-0.63978102073413,-0.607971599340832,-0.762820240449202,-0.0967092754729682,-0.0423181079782632,-0.0548303497968374,-0.731348533131935,-0.786062320321895,-0.739932395222129
"3",18,"WALKING",0.0789381220355816,0.0079481069090025,-0.00467469823628666,-0.63978102073413,-0.607971599340832,-0.762820240449202,-0.0967092754729682,-0.0423181079782632,-0.0548303497968374,-0.731348533131935,-0.786062320321895,-0.739932395222129
"4",11,"WALKING",0.0789381220355816,0.0079481069090025,-0.00467469823628666,-0.63978102073413,-0.607971599340832,-0.762820240449202,-0.0967092754729682,-0.0423181079782632,-0.0548303497968374,-0.731348533131935,-0.786062320321895,-0.739932395222129
"5",20,"WALKING",0.0789381220355816,0.0079481069090025,-0.00467469823628666,-0.63978102073413,-0.607971599340832,-0.762820240449202,-0.0967092754729682,-0.0423181079782632,-0.0548303497968374,-0.731348533131935,-0.786062320321895,-0.739932395222129
"6",22,"WALKING",0.0789381220355816,0.0079481069090025,-0.00467469823628666,-0.63978102073413,-0.607971599340832,-0.762820240449202,-0.0967092754729682,-0.0423181079782632,-0.0548303497968374,-0.731348533131935,-0.786062320321895,-0.739932395222129
"7",26,"WALKING",0.0789381220355816,0.0079481069090025,-0.00467469823628666,-0.63978102073413,-0.607971599340832,-0.762820240449202,-0.0967092754729682,-0.0423181079782632,-0.0548303497968374,-0.731348533131935,-0.786062320321895,-0.739932395222129
"8",6,"WALKING",0.0789381220355816,0.0079481069090025,-0.00467469823628666,-0.63978102073413,-0.607971599340832,-0.762820240449202,-0.0967092754729682,-0.0423181079782632,-0.0548303497968374,-0.731348533131935,-0.786062320321895,-0.739932395222129
"9",19,"WALKING",0.0789381220355816,0.0079481069090025,-0.00467469823628666,-0.63978102073413,-0.607971599340832,-0.762820240449202,-0.0967092754729682,-0.0423181079782632,-0.0548303497968374,-0.731348533131935,-0.786062320321895,-0.739932395222129
"10",14,"WALKING",0.0789381220355816,0.0079481069090025,-0.00467469823628666,-0.63978102073413,-0.607971599340832,-0.762820240449202,-0.0967092754729682,-0.0423181079782632,-0.0548303497968374,-0.731348533131935,-0.786062320321895,-0.739932395222129
"11",29,"WALKING",0.0789381220355816,0.0079481069090025,-0.00467469823628666,-0.63978102073413,-0.607971599340832,-0.762820240449202,-0.0967092754729682,-0.0423181079782632,-0.0548303497968374,-0.731348533131935,-0.786062320321895,-0.739932395222129
"12",27,"WALKING",0.0789381220355816,0.0079481069090025,-0.00467469823628666,-0.63978102073413,-0.607971599340832,-0.762820240449202,-0.0967092754729682,-0.0423181079782632,-0.0548303497968374,-0.731348533131935,-0.786062320321895,-0.739932395222129
"13",4,"WALKING",0.0789381220355816,0.0079481069090025,-0.00467469823628666,-0.63978102073413,-0.607971599340832,-0.762820240449202,-0.0967092754729682,-0.0423181079782632,-0.0548303497968374,-0.731348533131935,-0.786062320321895,-0.739932395222129
"14",3,"WALKING",0.0789381220355816,0.0079481069090025,-0.00467469823628666,-0.63978102073413,-0.607971599340832,-0.762820240449202,-0.0967092754729682,-0.0423181079782632,-0.0548303497968374,-0.731348533131935,-0.786062320321895,-0.739932395222129
"15",30,"WALKING",0.0789381220355816,0.0079481069090025,-0.00467469823628666,-0.63978102073413,-0.607971599340832,-0.762820240449202,-0.0967092754729682,-0.0423181079782632,-0.0548303497968374,-0.731348533131935,-0.786062320321895,-0.739932395222129
"16",13,"WALKING",0.0789381220355816,0.0079481069090025,-0.00467469823628666,-0.63978102073413,-0.607971599340832,-0.762820240449202,-0.0967092754729682,-0.0423181079782632,-0.0548303497968374,-0.731348533131935,-0.786062320321895,-0.739932395222129
"17",9,"WALKING",0.0789381220355816,0.0079481069090025,-0.00467469823628666,-0.63978102073413,-0.607971599340832,-0.762820240449202,-0.0967092754729682,-0.0423181079782632,-0.0548303497968374,-0.731348533131935,-0.786062320321895,-0.739932395222129
"18",12,"WALKING",0.0789381220355816,0.0079481069090025,-0.00467469823628666,-0.63978102073413,-0.607971599340832,-0.762820240449202,-0.0967092754729682,-0.0423181079782632,-0.0548303497968374,-0.731348533131935,-0.786062320321895,-0.739932395222129
"19",1,"WALKING",0.0789381220355816,0.0079481069090025,-0.00467469823628666,-0.63978102073413,-0.607971599340832,-0.762820240449202,-0.0967092754729682,-0.0423181079782632,-0.0548303497968374,-0.731348533131935,-0.786062320321895,-0.739932395222129
"20",8,"WALKING",0.0789381220355816,0.0079481069090025,-0.00467469823628666,-0.63978102073413,-0.607971599340832,-0.762820240449202,-0.0967092754729682,-0.0423181079782632,-0.0548303497968374,-0.731348533131935,-0.786062320321895,-0.739932395222129
"21",23,"WALKING",0.0789381220355816,0.0079481069090025,-0.00467469823628666,-0.63978102073413,-0.607971599340832,-0.762820240449202,-0.0967092754729682,-0.0423181079782632,-0.0548303497968374,-0.731348533131935,-0.786062320321895,-0.739932395222129
"22",25,"WALKING",0.0789381220355816,0.0079481069090025,-0.00467469823628666,-0.63978102073413,-0.607971599340832,-0.762820240449202,-0.0967092754729682,-0.0423181079782632,-0.0548303497968374,-0.731348533131935,-0.786062320321895,-0.739932395222129
"23",5,"WALKING",0.0789381220355816,0.0079481069090025,-0.00467469823628666,-0.63978102073413,-0.607971599340832,-0.762820240449202,-0.0967092754729682,-0.0423181079782632,-0.0548303497968374,-0.731348533131935,-0.786062320321895,-0.739932395222129
"24",28,"WALKING",0.0789381220355816,0.0079481069090025,-0.00467469823628666,-0.63978102073413,-0.607971599340832,-0.762820240449202,-0.0967092754729682,-0.0423181079782632,-0.0548303497968374,-0.731348533131935,-0.786062320321895,-0.739932395222129
"25",10,"WALKING",0.0789381220355816,0.0079481069090025,-0.00467469823628666,-0.63978102073413,-0.607971599340832,-0.762820240449202,-0.0967092754729682,-0.0423181079782632,-0.0548303497968374,-0.731348533131935,-0.786062320321895,-0.739932395222129
"26",24,"WALKING",0.0789381220355816,0.0079481069090025,-0.00467469823628666,-0.63978102073413,-0.607971599340832,-0.762820240449202,-0.0967092754729682,-0.0423181079782632,-0.0548303497968374,-0.731348533131935,-0.786062320321895,-0.739932395222129
"27",15,"WALKING",0.0789381220355816,0.0079481069090025,-0.00467469823628666,-0.63978102073413,-0.607971599340832,-0.762820240449202,-0.0967092754729682,-0.0423181079782632,-0.0548303497968374,-0.731348533131935,-0.786062320321895,-0.739932395222129
"28",16,"WALKING",0.0789381220355816,0.0079481069090025,-0.00467469823628666,-0.63978102073413,-0.607971599340832,-0.762820240449202,-0.0967092754729682,-0.0423181079782632,-0.0548303497968374,-0.731348533131935,-0.786062320321895,-0.739932395222129
"29",2,"WALKING",0.0789381220355816,0.0079481069090025,-0.00467469823628666,-0.63978102073413,-0.607971599340832,-0.762820240449202,-0.0967092754729682,-0.0423181079782632,-0.0548303497968374,-0.731348533131935,-0.786062320321895,-0.739932395222129
"30",17,"WALKING",0.0789381220355816,0.0079481069090025,-0.00467469823628666,-0.63978102073413,-0.607971599340832,-0.762820240449202,-0.0967092754729682,-0.0423181079782632,-0.0548303497968374,-0.731348533131935,-0.786062320321895,-0.739932395222129
"31",3,"WALKING_UPSTAIRS",0.0789381220355816,0.0079481069090025,-0.00467469823628666,-0.63978102073413,-0.607971599340832,-0.762820240449202,-0.0967092754729682,-0.0423181079782632,-0.0548303497968374,-0.731348533131935,-0.786062320321895,-0.739932395222129
"32",1,"WALKING_UPSTAIRS",0.0789381220355816,0.0079481069090025,-0.00467469823628666,-0.63978102073413,-0.607971599340832,-0.762820240449202,-0.0967092754729682,-0.0423181079782632,-0.0548303497968374,-0.731348533131935,-0.786062320321895,-0.739932395222129
"33",21,"WALKING_UPSTAIRS",0.0789381220355816,0.0079481069090025,-0.00467469823628666,-0.63978102073413,-0.607971599340832,-0.762820240449202,-0.0967092754729682,-0.0423181079782632,-0.0548303497968374,-0.731348533131935,-0.786062320321895,-0.739932395222129
"34",23,"WALKING_UPSTAIRS",0.0789381220355816,0.0079481069090025,-0.00467469823628666,-0.63978102073413,-0.607971599340832,-0.762820240449202,-0.0967092754729682,-0.0423181079782632,-0.0548303497968374,-0.731348533131935,-0.786062320321895,-0.739932395222129
"35",13,"WALKING_UPSTAIRS",0.0789381220355816,0.0079481069090025,-0.00467469823628666,-0.63978102073413,-0.607971599340832,-0.762820240449202,-0.0967092754729682,-0.0423181079782632,-0.0548303497968374,-0.731348533131935,-0.786062320321895,-0.739932395222129
"36",20,"WALKING_UPSTAIRS",0.0789381220355816,0.0079481069090025,-0.00467469823628666,-0.63978102073413,-0.607971599340832,-0.762820240449202,-0.0967092754729682,-0.0423181079782632,-0.0548303497968374,-0.731348533131935,-0.786062320321895,-0.739932395222129
"37",22,"WALKING_UPSTAIRS",0.0789381220355816,0.0079481069090025,-0.00467469823628666,-0.63978102073413,-0.607971599340832,-0.762820240449202,-0.0967092754729682,-0.0423181079782632,-0.0548303497968374,-0.731348533131935,-0.786062320321895,-0.739932395222129
"38",4,"WALKING_UPSTAIRS",0.0789381220355816,0.0079481069090025,-0.00467469823628666,-0.63978102073413,-0.607971599340832,-0.762820240449202,-0.0967092754729682,-0.0423181079782632,-0.0548303497968374,-0.731348533131935,-0.786062320321895,-0.739932395222129
"39",12,"WALKING_UPSTAIRS",0.0789381220355816,0.0079481069090025,-0.00467469823628666,-0.63978102073413,-0.607971599340832,-0.762820240449202,-0.0967092754729682,-0.0423181079782632,-0.0548303497968374,-0.731348533131935,-0.786062320321895,-0.739932395222129
"40",9,"WALKING_UPSTAIRS",0.0789381220355816,0.0079481069090025,-0.00467469823628666,-0.63978102073413,-0.607971599340832,-0.762820240449202,-0.0967092754729682,-0.0423181079782632,-0.0548303497968374,-0.731348533131935,-0.786062320321895,-0.739932395222129
"41",7,"WALKING_UPSTAIRS",0.0789381220355816,0.0079481069090025,-0.00467469823628666,-0.63978102073413,-0.607971599340832,-0.762820240449202,-0.0967092754729682,-0.0423181079782632,-0.0548303497968374,-0.731348533131935,-0.786062320321895,-0.739932395222129
"42",11,"WALKING_UPSTAIRS",0.0789381220355816,0.0079481069090025,-0.00467469823628666,-0.63978102073413,-0.607971599340832,-0.762820240449202,-0.0967092754729682,-0.0423181079782632,-0.0548303497968374,-0.731348533131935,-0.786062320321895,-0.739932395222129
"43",2,"WALKING_UPSTAIRS",0.0789381220355816,0.0079481069090025,-0.00467469823628666,-0.63978102073413,-0.607971599340832,-0.762820240449202,-0.0967092754729682,-0.0423181079782632,-0.0548303497968374,-0.731348533131935,-0.786062320321895,-0.739932395222129
"44",6,"WALKING_UPSTAIRS",0.0789381220355816,0.0079481069090025,-0.00467469823628666,-0.63978102073413,-0.607971599340832,-0.762820240449202,-0.0967092754729682,-0.0423181079782632,-0.0548303497968374,-0.731348533131935,-0.786062320321895,-0.739932395222129
"45",25,"WALKING_UPSTAIRS",0.0789381220355816,0.0079481069090025,-0.00467469823628666,-0.63978102073413,-0.607971599340832,-0.762820240449202,-0.0967092754729682,-0.0423181079782632,-0.0548303497968374,-0.731348533131935,-0.786062320321895,-0.739932395222129
"46",5,"WALKING_UPSTAIRS",0.0789381220355816,0.0079481069090025,-0.00467469823628666,-0.63978102073413,-0.607971599340832,-0.762820240449202,-0.0967092754729682,-0.0423181079782632,-0.0548303497968374,-0.731348533131935,-0.786062320321895,-0.739932395222129
"47",18,"WALKING_UPSTAIRS",0.0789381220355816,0.0079481069090025,-0.00467469823628666,-0.63978102073413,-0.607971599340832,-0.762820240449202,-0.0967092754729682,-0.0423181079782632,-0.0548303497968374,-0.731348533131935,-0.786062320321895,-0.739932395222129
"48",15,"WALKING_UPSTAIRS",0.0789381220355816,0.0079481069090025,-0.00467469823628666,-0.63978102073413,-0.607971599340832,-0.762820240449202,-0.0967092754729682,-0.0423181079782632,-0.0548303497968374,-0.731348533131935,-0.786062320321895,-0.739932395222129
"49",26,"WALKING_UPSTAIRS",0.0789381220355816,0.0079481069090025,-0.00467469823628666,-0.63978102073413,-0.607971599340832,-0.762820240449202,-0.0967092754729682,-0.0423181079782632,-0.0548303497968374,-0.731348533131935,-0.786062320321895,-0.739932395222129
"50",8,"WALKING_UPSTAIRS",0.0789381220355816,0.0079481069090025,-0.00467469823628666,-0.63978102073413,-0.607971599340832,-0.762820240449202,-0.0967092754729682,-0.0423181079782632,-0.0548303497968374,-0.731348533131935,-0.786062320321895,-0.739932395222129
"51",27,"WALKING_UPSTAIRS",0.0789381220355816,0.0079481069090025,-0.00467469823628666,-0.63978102073413,-0.607971599340832,-0.762820240449202,-0.0967092754729682,-0.0423181079782632,-0.0548303497968374,-0.731348533131935,-0.786062320321895,-0.739932395222129
"52",14,"WALKING_UPSTAIRS",0.0789381220355816,0.0079481069090025,-0.00467469823628666,-0.63978102073413,-0.607971599340832,-0.762820240449202,-0.0967092754729682,-0.0423181079782632,-0.0548303497968374,-0.731348533131935,-0.786062320321895,-0.739932395222129
"53",16,"WALKING_UPSTAIRS",0.0789381220355816,0.0079481069090025,-0.00467469823628666,-0.63978102073413,-0.607971599340832,-0.762820240449202,-0.0967092754729682,-0.0423181079782632,-0.0548303497968374,-0.731348533131935,-0.786062320321895,-0.739932395222129
"54",28,"WALKING_UPSTAIRS",0.0789381220355816,0.0079481069090025,-0.00467469823628666,-0.63978102073413,-0.607971599340832,-0.762820240449202,-0.0967092754729682,-0.0423181079782632,-0.0548303497968374,-0.731348533131935,-0.786062320321895,-0.739932395222129
"55",24,"WALKING_UPSTAIRS",0.0789381220355816,0.0079481069090025,-0.00467469823628666,-0.63978102073413,-0.607971599340832,-0.762820240449202,-0.0967092754729682,-0.0423181079782632,-0.0548303497968374,-0.731348533131935,-0.786062320321895,-0.739932395222129
"56",17,"WALKING_UPSTAIRS",0.0789381220355816,0.0079481069090025,-0.00467469823628666,-0.63978102073413,-0.607971599340832,-0.762820240449202,-0.0967092754729682,-0.0423181079782632,-0.0548303497968374,-0.731348533131935,-0.786062320321895,-0.739932395222129
"57",29,"WALKING_UPSTAIRS",0.0789381220355816,0.0079481069090025,-0.00467469823628666,-0.63978102073413,-0.607971599340832,-0.762820240449202,-0.0967092754729682,-0.0423181079782632,-0.0548303497968374,-0.731348533131935,-0.786062320321895,-0.739932395222129
"58",10,"WALKING_UPSTAIRS",0.0789381220355816,0.0079481069090025,-0.00467469823628666,-0.63978102073413,-0.607971599340832,-0.762820240449202,-0.0967092754729682,-0.0423181079782632,-0.0548303497968374,-0.731348533131935,-0.786062320321895,-0.739932395222129
"59",19,"WALKING_UPSTAIRS",0.0789381220355816,0.0079481069090025,-0.00467469823628666,-0.63978102073413,-0.607971599340832,-0.762820240449202,-0.0967092754729682,-0.0423181079782632,-0.0548303497968374,-0.731348533131935,-0.786062320321895,-0.739932395222129
"60",30,"WALKING_UPSTAIRS",0.0789381220355816,0.0079481069090025,-0.00467469823628666,-0.63978102073413,-0.607971599340832,-0.762820240449202,-0.0967092754729682,-0.0423181079782632,-0.0548303497968374,-0.731348533131935,-0.786062320321895,-0.739932395222129
"61",3,"WALKING_DOWNSTAIRS",0.0789381220355816,0.0079481069090025,-0.00467469823628666,-0.63978102073413,-0.607971599340832,-0.762820240449202,-0.0967092754729682,-0.0423181079782632,-0.0548303497968374,-0.731348533131935,-0.786062320321895,-0.739932395222129
"62",13,"WALKING_DOWNSTAIRS",0.0789381220355816,0.0079481069090025,-0.00467469823628666,-0.63978102073413,-0.607971599340832,-0.762820240449202,-0.0967092754729682,-0.0423181079782632,-0.0548303497968374,-0.731348533131935,-0.786062320321895,-0.739932395222129
"63",7,"WALKING_DOWNSTAIRS",0.0789381220355816,0.0079481069090025,-0.00467469823628666,-0.63978102073413,-0.607971599340832,-0.762820240449202,-0.0967092754729682,-0.0423181079782632,-0.0548303497968374,-0.731348533131935,-0.786062320321895,-0.739932395222129
"64",14,"WALKING_DOWNSTAIRS",0.0789381220355816,0.0079481069090025,-0.00467469823628666,-0.63978102073413,-0.607971599340832,-0.762820240449202,-0.0967092754729682,-0.0423181079782632,-0.0548303497968374,-0.731348533131935,-0.786062320321895,-0.739932395222129
"65",20,"WALKING_DOWNSTAIRS",0.0789381220355816,0.0079481069090025,-0.00467469823628666,-0.63978102073413,-0.607971599340832,-0.762820240449202,-0.0967092754729682,-0.0423181079782632,-0.0548303497968374,-0.731348533131935,-0.786062320321895,-0.739932395222129
"66",18,"WALKING_DOWNSTAIRS",0.0789381220355816,0.0079481069090025,-0.00467469823628666,-0.63978102073413,-0.607971599340832,-0.762820240449202,-0.0967092754729682,-0.0423181079782632,-0.0548303497968374,-0.731348533131935,-0.786062320321895,-0.739932395222129
"67",9,"WALKING_DOWNSTAIRS",0.0789381220355816,0.0079481069090025,-0.00467469823628666,-0.63978102073413,-0.607971599340832,-0.762820240449202,-0.0967092754729682,-0.0423181079782632,-0.0548303497968374,-0.731348533131935,-0.786062320321895,-0.739932395222129
"68",11,"WALKING_DOWNSTAIRS",0.0789381220355816,0.0079481069090025,-0.00467469823628666,-0.63978102073413,-0.607971599340832,-0.762820240449202,-0.0967092754729682,-0.0423181079782632,-0.0548303497968374,-0.731348533131935,-0.786062320321895,-0.739932395222129
"69",24,"WALKING_DOWNSTAIRS",0.0789381220355816,0.0079481069090025,-0.00467469823628666,-0.63978102073413,-0.607971599340832,-0.762820240449202,-0.0967092754729682,-0.0423181079782632,-0.0548303497968374,-0.731348533131935,-0.786062320321895,-0.739932395222129
"70",22,"WALKING_DOWNSTAIRS",0.0789381220355816,0.0079481069090025,-0.00467469823628666,-0.63978102073413,-0.607971599340832,-0.762820240449202,-0.0967092754729682,-0.0423181079782632,-0.0548303497968374,-0.731348533131935,-0.786062320321895,-0.739932395222129
"71",19,"WALKING_DOWNSTAIRS",0.0789381220355816,0.0079481069090025,-0.00467469823628666,-0.63978102073413,-0.607971599340832,-0.762820240449202,-0.0967092754729682,-0.0423181079782632,-0.0548303497968374,-0.731348533131935,-0.786062320321895,-0.739932395222129
"72",6,"WALKING_DOWNSTAIRS",0.0789381220355816,0.0079481069090025,-0.00467469823628666,-0.63978102073413,-0.607971599340832,-0.762820240449202,-0.0967092754729682,-0.0423181079782632,-0.0548303497968374,-0.731348533131935,-0.786062320321895,-0.739932395222129
"73",15,"WALKING_DOWNSTAIRS",0.0789381220355816,0.0079481069090025,-0.00467469823628666,-0.63978102073413,-0.607971599340832,-0.762820240449202,-0.0967092754729682,-0.0423181079782632,-0.0548303497968374,-0.731348533131935,-0.786062320321895,-0.739932395222129
"74",17,"WALKING_DOWNSTAIRS",0.0789381220355816,0.0079481069090025,-0.00467469823628666,-0.63978102073413,-0.607971599340832,-0.762820240449202,-0.0967092754729682,-0.0423181079782632,-0.0548303497968374,-0.731348533131935,-0.786062320321895,-0.739932395222129
"75",1,"WALKING_DOWNSTAIRS",0.0789381220355816,0.0079481069090025,-0.00467469823628666,-0.63978102073413,-0.607971599340832,-0.762820240449202,-0.0967092754729682,-0.0423181079782632,-0.0548303497968374,-0.731348533131935,-0.786062320321895,-0.739932395222129
"76",21,"WALKING_DOWNSTAIRS",0.0789381220355816,0.0079481069090025,-0.00467469823628666,-0.63978102073413,-0.607971599340832,-0.762820240449202,-0.0967092754729682,-0.0423181079782632,-0.0548303497968374,-0.731348533131935,-0.786062320321895,-0.739932395222129
"77",23,"WALKING_DOWNSTAIRS",0.0789381220355816,0.0079481069090025,-0.00467469823628666,-0.63978102073413,-0.607971599340832,-0.762820240449202,-0.0967092754729682,-0.0423181079782632,-0.0548303497968374,-0.731348533131935,-0.786062320321895,-0.739932395222129
"78",25,"WALKING_DOWNSTAIRS",0.0789381220355816,0.0079481069090025,-0.00467469823628666,-0.63978102073413,-0.607971599340832,-0.762820240449202,-0.0967092754729682,-0.0423181079782632,-0.0548303497968374,-0.731348533131935,-0.786062320321895,-0.739932395222129
"79",4,"WALKING_DOWNSTAIRS",0.0789381220355816,0.0079481069090025,-0.00467469823628666,-0.63978102073413,-0.607971599340832,-0.762820240449202,-0.0967092754729682,-0.0423181079782632,-0.0548303497968374,-0.731348533131935,-0.786062320321895,-0.739932395222129
"80",26,"WALKING_DOWNSTAIRS",0.0789381220355816,0.0079481069090025,-0.00467469823628666,-0.63978102073413,-0.607971599340832,-0.762820240449202,-0.0967092754729682,-0.0423181079782632,-0.0548303497968374,-0.731348533131935,-0.786062320321895,-0.739932395222129
"81",5,"WALKING_DOWNSTAIRS",0.0789381220355816,0.0079481069090025,-0.00467469823628666,-0.63978102073413,-0.607971599340832,-0.762820240449202,-0.0967092754729682,-0.0423181079782632,-0.0548303497968374,-0.731348533131935,-0.786062320321895,-0.739932395222129
"82",8,"WALKING_DOWNSTAIRS",0.0789381220355816,0.0079481069090025,-0.00467469823628666,-0.63978102073413,-0.607971599340832,-0.762820240449202,-0.0967092754729682,-0.0423181079782632,-0.0548303497968374,-0.731348533131935,-0.786062320321895,-0.739932395222129
"83",29,"WALKING_DOWNSTAIRS",0.0789381220355816,0.0079481069090025,-0.00467469823628666,-0.63978102073413,-0.607971599340832,-0.762820240449202,-0.0967092754729682,-0.0423181079782632,-0.0548303497968374,-0.731348533131935,-0.786062320321895,-0.739932395222129
"84",27,"WALKING_DOWNSTAIRS",0.0789381220355816,0.0079481069090025,-0.00467469823628666,-0.63978102073413,-0.607971599340832,-0.762820240449202,-0.0967092754729682,-0.0423181079782632,-0.0548303497968374,-0.731348533131935,-0.786062320321895,-0.739932395222129
"85",10,"WALKING_DOWNSTAIRS",0.0789381220355816,0.0079481069090025,-0.00467469823628666,-0.63978102073413,-0.607971599340832,-0.762820240449202,-0.0967092754729682,-0.0423181079782632,-0.0548303497968374,-0.731348533131935,-0.786062320321895,-0.739932395222129
"86",16,"WALKING_DOWNSTAIRS",0.0789381220355816,0.0079481069090025,-0.00467469823628666,-0.63978102073413,-0.607971599340832,-0.762820240449202,-0.0967092754729682,-0.0423181079782632,-0.0548303497968374,-0.731348533131935,-0.786062320321895,-0.739932395222129
"87",12,"WALKING_DOWNSTAIRS",0.0789381220355816,0.0079481069090025,-0.00467469823628666,-0.63978102073413,-0.607971599340832,-0.762820240449202,-0.0967092754729682,-0.0423181079782632,-0.0548303497968374,-0.731348533131935,-0.786062320321895,-0.739932395222129
"88",28,"WALKING_DOWNSTAIRS",0.0789381220355816,0.0079481069090025,-0.00467469823628666,-0.63978102073413,-0.607971599340832,-0.762820240449202,-0.0967092754729682,-0.0423181079782632,-0.0548303497968374,-0.731348533131935,-0.786062320321895,-0.739932395222129
"89",30,"WALKING_DOWNSTAIRS",0.0789381220355816,0.0079481069090025,-0.00467469823628666,-0.63978102073413,-0.607971599340832,-0.762820240449202,-0.0967092754729682,-0.0423181079782632,-0.0548303497968374,-0.731348533131935,-0.786062320321895,-0.739932395222129
"90",2,"WALKING_DOWNSTAIRS",0.0789381220355816,0.0079481069090025,-0.00467469823628666,-0.63978102073413,-0.607971599340832,-0.762820240449202,-0.0967092754729682,-0.0423181079782632,-0.0548303497968374,-0.731348533131935,-0.786062320321895,-0.739932395222129
"91",3,"SITTING",0.0789381220355816,0.0079481069090025,-0.00467469823628666,-0.63978102073413,-0.607971599340832,-0.762820240449202,-0.0967092754729682,-0.0423181079782632,-0.0548303497968374,-0.731348533131935,-0.786062320321895,-0.739932395222129
"92",29,"SITTING",0.0789381220355816,0.0079481069090025,-0.00467469823628666,-0.63978102073413,-0.607971599340832,-0.762820240449202,-0.0967092754729682,-0.0423181079782632,-0.0548303497968374,-0.731348533131935,-0.786062320321895,-0.739932395222129
"93",4,"SITTING",0.0789381220355816,0.0079481069090025,-0.00467469823628666,-0.63978102073413,-0.607971599340832,-0.762820240449202,-0.0967092754729682,-0.0423181079782632,-0.0548303497968374,-0.731348533131935,-0.786062320321895,-0.739932395222129
"94",10,"SITTING",0.0789381220355816,0.0079481069090025,-0.00467469823628666,-0.63978102073413,-0.607971599340832,-0.762820240449202,-0.0967092754729682,-0.0423181079782632,-0.0548303497968374,-0.731348533131935,-0.786062320321895,-0.739932395222129
"95",7,"SITTING",0.0789381220355816,0.0079481069090025,-0.00467469823628666,-0.63978102073413,-0.607971599340832,-0.762820240449202,-0.0967092754729682,-0.0423181079782632,-0.0548303497968374,-0.731348533131935,-0.786062320321895,-0.739932395222129
"96",12,"SITTING",0.0789381220355816,0.0079481069090025,-0.00467469823628666,-0.63978102073413,-0.607971599340832,-0.762820240449202,-0.0967092754729682,-0.0423181079782632,-0.0548303497968374,-0.731348533131935,-0.786062320321895,-0.739932395222129
"97",28,"SITTING",0.0789381220355816,0.0079481069090025,-0.00467469823628666,-0.63978102073413,-0.607971599340832,-0.762820240449202,-0.0967092754729682,-0.0423181079782632,-0.0548303497968374,-0.731348533131935,-0.786062320321895,-0.739932395222129
"98",6,"SITTING",0.0789381220355816,0.0079481069090025,-0.00467469823628666,-0.63978102073413,-0.607971599340832,-0.762820240449202,-0.0967092754729682,-0.0423181079782632,-0.0548303497968374,-0.731348533131935,-0.786062320321895,-0.739932395222129
"99",21,"SITTING",0.0789381220355816,0.0079481069090025,-0.00467469823628666,-0.63978102073413,-0.607971599340832,-0.762820240449202,-0.0967092754729682,-0.0423181079782632,-0.0548303497968374,-0.731348533131935,-0.786062320321895,-0.739932395222129
"100",25,"SITTING",0.0789381220355816,0.0079481069090025,-0.00467469823628666,-0.63978102073413,-0.607971599340832,-0.762820240449202,-0.0967092754729682,-0.0423181079782632,-0.0548303497968374,-0.731348533131935,-0.786062320321895,-0.739932395222129
"101",30,"SITTING",0.0789381220355816,0.0079481069090025,-0.00467469823628666,-0.63978102073413,-0.607971599340832,-0.762820240449202,-0.0967092754729682,-0.0423181079782632,-0.0548303497968374,-0.731348533131935,-0.786062320321895,-0.739932395222129
"102",9,"SITTING",0.0789381220355816,0.0079481069090025,-0.00467469823628666,-0.63978102073413,-0.607971599340832,-0.762820240449202,-0.0967092754729682,-0.0423181079782632,-0.0548303497968374,-0.731348533131935,-0.786062320321895,-0.739932395222129
"103",11,"SITTING",0.0789381220355816,0.0079481069090025,-0.00467469823628666,-0.63978102073413,-0.607971599340832,-0.762820240449202,-0.0967092754729682,-0.0423181079782632,-0.0548303497968374,-0.731348533131935,-0.786062320321895,-0.739932395222129
"104",5,"SITTING",0.0789381220355816,0.0079481069090025,-0.00467469823628666,-0.63978102073413,-0.607971599340832,-0.762820240449202,-0.0967092754729682,-0.0423181079782632,-0.0548303497968374,-0.731348533131935,-0.786062320321895,-0.739932395222129
"105",27,"SITTING",0.0789381220355816,0.0079481069090025,-0.00467469823628666,-0.63978102073413,-0.607971599340832,-0.762820240449202,-0.0967092754729682,-0.0423181079782632,-0.0548303497968374,-0.731348533131935,-0.786062320321895,-0.739932395222129
"106",13,"SITTING",0.0789381220355816,0.0079481069090025,-0.00467469823628666,-0.63978102073413,-0.607971599340832,-0.762820240449202,-0.0967092754729682,-0.0423181079782632,-0.0548303497968374,-0.731348533131935,-0.786062320321895,-0.739932395222129
"107",19,"SITTING",0.0789381220355816,0.0079481069090025,-0.00467469823628666,-0.63978102073413,-0.607971599340832,-0.762820240449202,-0.0967092754729682,-0.0423181079782632,-0.0548303497968374,-0.731348533131935,-0.786062320321895,-0.739932395222129
"108",20,"SITTING",0.0789381220355816,0.0079481069090025,-0.00467469823628666,-0.63978102073413,-0.607971599340832,-0.762820240449202,-0.0967092754729682,-0.0423181079782632,-0.0548303497968374,-0.731348533131935,-0.786062320321895,-0.739932395222129
"109",26,"SITTING",0.0789381220355816,0.0079481069090025,-0.00467469823628666,-0.63978102073413,-0.607971599340832,-0.762820240449202,-0.0967092754729682,-0.0423181079782632,-0.0548303497968374,-0.731348533131935,-0.786062320321895,-0.739932395222129
"110",14,"SITTING",0.0789381220355816,0.0079481069090025,-0.00467469823628666,-0.63978102073413,-0.607971599340832,-0.762820240449202,-0.0967092754729682,-0.0423181079782632,-0.0548303497968374,-0.731348533131935,-0.786062320321895,-0.739932395222129
"111",24,"SITTING",0.0789381220355816,0.0079481069090025,-0.00467469823628666,-0.63978102073413,-0.607971599340832,-0.762820240449202,-0.0967092754729682,-0.0423181079782632,-0.0548303497968374,-0.731348533131935,-0.786062320321895,-0.739932395222129
"112",2,"SITTING",0.0789381220355816,0.0079481069090025,-0.00467469823628666,-0.63978102073413,-0.607971599340832,-0.762820240449202,-0.0967092754729682,-0.0423181079782632,-0.0548303497968374,-0.731348533131935,-0.786062320321895,-0.739932395222129
"113",22,"SITTING",0.0789381220355816,0.0079481069090025,-0.00467469823628666,-0.63978102073413,-0.607971599340832,-0.762820240449202,-0.0967092754729682,-0.0423181079782632,-0.0548303497968374,-0.731348533131935,-0.786062320321895,-0.739932395222129
"114",8,"SITTING",0.0789381220355816,0.0079481069090025,-0.00467469823628666,-0.63978102073413,-0.607971599340832,-0.762820240449202,-0.0967092754729682,-0.0423181079782632,-0.0548303497968374,-0.731348533131935,-0.786062320321895,-0.739932395222129
"115",1,"SITTING",0.0789381220355816,0.0079481069090025,-0.00467469823628666,-0.63978102073413,-0.607971599340832,-0.762820240449202,-0.0967092754729682,-0.0423181079782632,-0.0548303497968374,-0.731348533131935,-0.786062320321895,-0.739932395222129
"116",23,"SITTING",0.0789381220355816,0.0079481069090025,-0.00467469823628666,-0.63978102073413,-0.607971599340832,-0.762820240449202,-0.0967092754729682,-0.0423181079782632,-0.0548303497968374,-0.731348533131935,-0.786062320321895,-0.739932395222129
"117",18,"SITTING",0.0789381220355816,0.0079481069090025,-0.00467469823628666,-0.63978102073413,-0.607971599340832,-0.762820240449202,-0.0967092754729682,-0.0423181079782632,-0.0548303497968374,-0.731348533131935,-0.786062320321895,-0.739932395222129
"118",16,"SITTING",0.0789381220355816,0.0079481069090025,-0.00467469823628666,-0.63978102073413,-0.607971599340832,-0.762820240449202,-0.0967092754729682,-0.0423181079782632,-0.0548303497968374,-0.731348533131935,-0.786062320321895,-0.739932395222129
"119",17,"SITTING",0.0789381220355816,0.0079481069090025,-0.00467469823628666,-0.63978102073413,-0.607971599340832,-0.762820240449202,-0.0967092754729682,-0.0423181079782632,-0.0548303497968374,-0.731348533131935,-0.786062320321895,-0.739932395222129
"120",15,"SITTING",0.0789381220355816,0.0079481069090025,-0.00467469823628666,-0.63978102073413,-0.607971599340832,-0.762820240449202,-0.0967092754729682,-0.0423181079782632,-0.0548303497968374,-0.731348533131935,-0.786062320321895,-0.739932395222129
"121",2,"STANDING",0.0789381220355816,0.0079481069090025,-0.00467469823628666,-0.63978102073413,-0.607971599340832,-0.762820240449202,-0.0967092754729682,-0.0423181079782632,-0.0548303497968374,-0.731348533131935,-0.786062320321895,-0.739932395222129
"122",3,"STANDING",0.0789381220355816,0.0079481069090025,-0.00467469823628666,-0.63978102073413,-0.607971599340832,-0.762820240449202,-0.0967092754729682,-0.0423181079782632,-0.0548303497968374,-0.731348533131935,-0.786062320321895,-0.739932395222129
"123",20,"STANDING",0.0789381220355816,0.0079481069090025,-0.00467469823628666,-0.63978102073413,-0.607971599340832,-0.762820240449202,-0.0967092754729682,-0.0423181079782632,-0.0548303497968374,-0.731348533131935,-0.786062320321895,-0.739932395222129
"124",7,"STANDING",0.0789381220355816,0.0079481069090025,-0.00467469823628666,-0.63978102073413,-0.607971599340832,-0.762820240449202,-0.0967092754729682,-0.0423181079782632,-0.0548303497968374,-0.731348533131935,-0.786062320321895,-0.739932395222129
"125",27,"STANDING",0.0789381220355816,0.0079481069090025,-0.00467469823628666,-0.63978102073413,-0.607971599340832,-0.762820240449202,-0.0967092754729682,-0.0423181079782632,-0.0548303497968374,-0.731348533131935,-0.786062320321895,-0.739932395222129
"126",30,"STANDING",0.0789381220355816,0.0079481069090025,-0.00467469823628666,-0.63978102073413,-0.607971599340832,-0.762820240449202,-0.0967092754729682,-0.0423181079782632,-0.0548303497968374,-0.731348533131935,-0.786062320321895,-0.739932395222129
"127",4,"STANDING",0.0789381220355816,0.0079481069090025,-0.00467469823628666,-0.63978102073413,-0.607971599340832,-0.762820240449202,-0.0967092754729682,-0.0423181079782632,-0.0548303497968374,-0.731348533131935,-0.786062320321895,-0.739932395222129
"128",12,"STANDING",0.0789381220355816,0.0079481069090025,-0.00467469823628666,-0.63978102073413,-0.607971599340832,-0.762820240449202,-0.0967092754729682,-0.0423181079782632,-0.0548303497968374,-0.731348533131935,-0.786062320321895,-0.739932395222129
"129",5,"STANDING",0.0789381220355816,0.0079481069090025,-0.00467469823628666,-0.63978102073413,-0.607971599340832,-0.762820240449202,-0.0967092754729682,-0.0423181079782632,-0.0548303497968374,-0.731348533131935,-0.786062320321895,-0.739932395222129
"130",19,"STANDING",0.0789381220355816,0.0079481069090025,-0.00467469823628666,-0.63978102073413,-0.607971599340832,-0.762820240449202,-0.0967092754729682,-0.0423181079782632,-0.0548303497968374,-0.731348533131935,-0.786062320321895,-0.739932395222129
"131",21,"STANDING",0.0789381220355816,0.0079481069090025,-0.00467469823628666,-0.63978102073413,-0.607971599340832,-0.762820240449202,-0.0967092754729682,-0.0423181079782632,-0.0548303497968374,-0.731348533131935,-0.786062320321895,-0.739932395222129
"132",13,"STANDING",0.0789381220355816,0.0079481069090025,-0.00467469823628666,-0.63978102073413,-0.607971599340832,-0.762820240449202,-0.0967092754729682,-0.0423181079782632,-0.0548303497968374,-0.731348533131935,-0.786062320321895,-0.739932395222129
"133",10,"STANDING",0.0789381220355816,0.0079481069090025,-0.00467469823628666,-0.63978102073413,-0.607971599340832,-0.762820240449202,-0.0967092754729682,-0.0423181079782632,-0.0548303497968374,-0.731348533131935,-0.786062320321895,-0.739932395222129
"134",8,"STANDING",0.0789381220355816,0.0079481069090025,-0.00467469823628666,-0.63978102073413,-0.607971599340832,-0.762820240449202,-0.0967092754729682,-0.0423181079782632,-0.0548303497968374,-0.731348533131935,-0.786062320321895,-0.739932395222129
"135",11,"STANDING",0.0789381220355816,0.0079481069090025,-0.00467469823628666,-0.63978102073413,-0.607971599340832,-0.762820240449202,-0.0967092754729682,-0.0423181079782632,-0.0548303497968374,-0.731348533131935,-0.786062320321895,-0.739932395222129
"136",9,"STANDING",0.0789381220355816,0.0079481069090025,-0.00467469823628666,-0.63978102073413,-0.607971599340832,-0.762820240449202,-0.0967092754729682,-0.0423181079782632,-0.0548303497968374,-0.731348533131935,-0.786062320321895,-0.739932395222129
"137",24,"STANDING",0.0789381220355816,0.0079481069090025,-0.00467469823628666,-0.63978102073413,-0.607971599340832,-0.762820240449202,-0.0967092754729682,-0.0423181079782632,-0.0548303497968374,-0.731348533131935,-0.786062320321895,-0.739932395222129
"138",22,"STANDING",0.0789381220355816,0.0079481069090025,-0.00467469823628666,-0.63978102073413,-0.607971599340832,-0.762820240449202,-0.0967092754729682,-0.0423181079782632,-0.0548303497968374,-0.731348533131935,-0.786062320321895,-0.739932395222129
"139",18,"STANDING",0.0789381220355816,0.0079481069090025,-0.00467469823628666,-0.63978102073413,-0.607971599340832,-0.762820240449202,-0.0967092754729682,-0.0423181079782632,-0.0548303497968374,-0.731348533131935,-0.786062320321895,-0.739932395222129
"140",28,"STANDING",0.0789381220355816,0.0079481069090025,-0.00467469823628666,-0.63978102073413,-0.607971599340832,-0.762820240449202,-0.0967092754729682,-0.0423181079782632,-0.0548303497968374,-0.731348533131935,-0.786062320321895,-0.739932395222129
"141",6,"STANDING",0.0789381220355816,0.0079481069090025,-0.00467469823628666,-0.63978102073413,-0.607971599340832,-0.762820240449202,-0.0967092754729682,-0.0423181079782632,-0.0548303497968374,-0.731348533131935,-0.786062320321895,-0.739932395222129
"142",17,"STANDING",0.0789381220355816,0.0079481069090025,-0.00467469823628666,-0.63978102073413,-0.607971599340832,-0.762820240449202,-0.0967092754729682,-0.0423181079782632,-0.0548303497968374,-0.731348533131935,-0.786062320321895,-0.739932395222129
"143",16,"STANDING",0.0789381220355816,0.0079481069090025,-0.00467469823628666,-0.63978102073413,-0.607971599340832,-0.762820240449202,-0.0967092754729682,-0.0423181079782632,-0.0548303497968374,-0.731348533131935,-0.786062320321895,-0.739932395222129
"144",14,"STANDING",0.0789381220355816,0.0079481069090025,-0.00467469823628666,-0.63978102073413,-0.607971599340832,-0.762820240449202,-0.0967092754729682,-0.0423181079782632,-0.0548303497968374,-0.731348533131935,-0.786062320321895,-0.739932395222129
"145",23,"STANDING",0.0789381220355816,0.0079481069090025,-0.00467469823628666,-0.63978102073413,-0.607971599340832,-0.762820240449202,-0.0967092754729682,-0.0423181079782632,-0.0548303497968374,-0.731348533131935,-0.786062320321895,-0.739932395222129
"146",15,"STANDING",0.0789381220355816,0.0079481069090025,-0.00467469823628666,-0.63978102073413,-0.607971599340832,-0.762820240449202,-0.0967092754729682,-0.0423181079782632,-0.0548303497968374,-0.731348533131935,-0.786062320321895,-0.739932395222129
"147",29,"STANDING",0.0789381220355816,0.0079481069090025,-0.00467469823628666,-0.63978102073413,-0.607971599340832,-0.762820240449202,-0.0967092754729682,-0.0423181079782632,-0.0548303497968374,-0.731348533131935,-0.786062320321895,-0.739932395222129
"148",26,"STANDING",0.0789381220355816,0.0079481069090025,-0.00467469823628666,-0.63978102073413,-0.607971599340832,-0.762820240449202,-0.0967092754729682,-0.0423181079782632,-0.0548303497968374,-0.731348533131935,-0.786062320321895,-0.739932395222129
"149",25,"STANDING",0.0789381220355816,0.0079481069090025,-0.00467469823628666,-0.63978102073413,-0.607971599340832,-0.762820240449202,-0.0967092754729682,-0.0423181079782632,-0.0548303497968374,-0.731348533131935,-0.786062320321895,-0.739932395222129
"150",1,"STANDING",0.0789381220355816,0.0079481069090025,-0.00467469823628666,-0.63978102073413,-0.607971599340832,-0.762820240449202,-0.0967092754729682,-0.0423181079782632,-0.0548303497968374,-0.731348533131935,-0.786062320321895,-0.739932395222129
"151",30,"LAYING",0.0789381220355816,0.0079481069090025,-0.00467469823628666,-0.63978102073413,-0.607971599340832,-0.762820240449202,-0.0967092754729682,-0.0423181079782632,-0.0548303497968374,-0.731348533131935,-0.786062320321895,-0.739932395222129
"152",27,"LAYING",0.0789381220355816,0.0079481069090025,-0.00467469823628666,-0.63978102073413,-0.607971599340832,-0.762820240449202,-0.0967092754729682,-0.0423181079782632,-0.0548303497968374,-0.731348533131935,-0.786062320321895,-0.739932395222129
"153",14,"LAYING",0.0789381220355816,0.0079481069090025,-0.00467469823628666,-0.63978102073413,-0.607971599340832,-0.762820240449202,-0.0967092754729682,-0.0423181079782632,-0.0548303497968374,-0.731348533131935,-0.786062320321895,-0.739932395222129
"154",28,"LAYING",0.0789381220355816,0.0079481069090025,-0.00467469823628666,-0.63978102073413,-0.607971599340832,-0.762820240449202,-0.0967092754729682,-0.0423181079782632,-0.0548303497968374,-0.731348533131935,-0.786062320321895,-0.739932395222129
"155",6,"LAYING",0.0789381220355816,0.0079481069090025,-0.00467469823628666,-0.63978102073413,-0.607971599340832,-0.762820240449202,-0.0967092754729682,-0.0423181079782632,-0.0548303497968374,-0.731348533131935,-0.786062320321895,-0.739932395222129
"156",13,"LAYING",0.0789381220355816,0.0079481069090025,-0.00467469823628666,-0.63978102073413,-0.607971599340832,-0.762820240449202,-0.0967092754729682,-0.0423181079782632,-0.0548303497968374,-0.731348533131935,-0.786062320321895,-0.739932395222129
"157",26,"LAYING",0.0789381220355816,0.0079481069090025,-0.00467469823628666,-0.63978102073413,-0.607971599340832,-0.762820240449202,-0.0967092754729682,-0.0423181079782632,-0.0548303497968374,-0.731348533131935,-0.786062320321895,-0.739932395222129
"158",29,"LAYING",0.0789381220355816,0.0079481069090025,-0.00467469823628666,-0.63978102073413,-0.607971599340832,-0.762820240449202,-0.0967092754729682,-0.0423181079782632,-0.0548303497968374,-0.731348533131935,-0.786062320321895,-0.739932395222129
"159",20,"LAYING",0.0789381220355816,0.0079481069090025,-0.00467469823628666,-0.63978102073413,-0.607971599340832,-0.762820240449202,-0.0967092754729682,-0.0423181079782632,-0.0548303497968374,-0.731348533131935,-0.786062320321895,-0.739932395222129
"160",12,"LAYING",0.0789381220355816,0.0079481069090025,-0.00467469823628666,-0.63978102073413,-0.607971599340832,-0.762820240449202,-0.0967092754729682,-0.0423181079782632,-0.0548303497968374,-0.731348533131935,-0.786062320321895,-0.739932395222129
"161",11,"LAYING",0.0789381220355816,0.0079481069090025,-0.00467469823628666,-0.63978102073413,-0.607971599340832,-0.762820240449202,-0.0967092754729682,-0.0423181079782632,-0.0548303497968374,-0.731348533131935,-0.786062320321895,-0.739932395222129
"162",3,"LAYING",0.0789381220355816,0.0079481069090025,-0.00467469823628666,-0.63978102073413,-0.607971599340832,-0.762820240449202,-0.0967092754729682,-0.0423181079782632,-0.0548303497968374,-0.731348533131935,-0.786062320321895,-0.739932395222129
"163",7,"LAYING",0.0789381220355816,0.0079481069090025,-0.00467469823628666,-0.63978102073413,-0.607971599340832,-0.762820240449202,-0.0967092754729682,-0.0423181079782632,-0.0548303497968374,-0.731348533131935,-0.786062320321895,-0.739932395222129
"164",10,"LAYING",0.0789381220355816,0.0079481069090025,-0.00467469823628666,-0.63978102073413,-0.607971599340832,-0.762820240449202,-0.0967092754729682,-0.0423181079782632,-0.0548303497968374,-0.731348533131935,-0.786062320321895,-0.739932395222129
"165",8,"LAYING",0.0789381220355816,0.0079481069090025,-0.00467469823628666,-0.63978102073413,-0.607971599340832,-0.762820240449202,-0.0967092754729682,-0.0423181079782632,-0.0548303497968374,-0.731348533131935,-0.786062320321895,-0.739932395222129
"166",21,"LAYING",0.0789381220355816,0.0079481069090025,-0.00467469823628666,-0.63978102073413,-0.607971599340832,-0.762820240449202,-0.0967092754729682,-0.0423181079782632,-0.0548303497968374,-0.731348533131935,-0.786062320321895,-0.739932395222129
"167",4,"LAYING",0.0789381220355816,0.0079481069090025,-0.00467469823628666,-0.63978102073413,-0.607971599340832,-0.762820240449202,-0.0967092754729682,-0.0423181079782632,-0.0548303497968374,-0.731348533131935,-0.786062320321895,-0.739932395222129
"168",18,"LAYING",0.0789381220355816,0.0079481069090025,-0.00467469823628666,-0.63978102073413,-0.607971599340832,-0.762820240449202,-0.0967092754729682,-0.0423181079782632,-0.0548303497968374,-0.731348533131935,-0.786062320321895,-0.739932395222129
"169",5,"LAYING",0.0789381220355816,0.0079481069090025,-0.00467469823628666,-0.63978102073413,-0.607971599340832,-0.762820240449202,-0.0967092754729682,-0.0423181079782632,-0.0548303497968374,-0.731348533131935,-0.786062320321895,-0.739932395222129
"170",22,"LAYING",0.0789381220355816,0.0079481069090025,-0.00467469823628666,-0.63978102073413,-0.607971599340832,-0.762820240449202,-0.0967092754729682,-0.0423181079782632,-0.0548303497968374,-0.731348533131935,-0.786062320321895,-0.739932395222129
"171",9,"LAYING",0.0789381220355816,0.0079481069090025,-0.00467469823628666,-0.63978102073413,-0.607971599340832,-0.762820240449202,-0.0967092754729682,-0.0423181079782632,-0.0548303497968374,-0.731348533131935,-0.786062320321895,-0.739932395222129
"172",25,"LAYING",0.0789381220355816,0.0079481069090025,-0.00467469823628666,-0.63978102073413,-0.607971599340832,-0.762820240449202,-0.0967092754729682,-0.0423181079782632,-0.0548303497968374,-0.731348533131935,-0.786062320321895,-0.739932395222129
"173",19,"LAYING",0.0789381220355816,0.0079481069090025,-0.00467469823628666,-0.63978102073413,-0.607971599340832,-0.762820240449202,-0.0967092754729682,-0.0423181079782632,-0.0548303497968374,-0.731348533131935,-0.786062320321895,-0.739932395222129
"174",23,"LAYING",0.0789381220355816,0.0079481069090025,-0.00467469823628666,-0.63978102073413,-0.607971599340832,-0.762820240449202,-0.0967092754729682,-0.0423181079782632,-0.0548303497968374,-0.731348533131935,-0.786062320321895,-0.739932395222129
"175",24,"LAYING",0.0789381220355816,0.0079481069090025,-0.00467469823628666,-0.63978102073413,-0.607971599340832,-0.762820240449202,-0.0967092754729682,-0.0423181079782632,-0.0548303497968374,-0.731348533131935,-0.786062320321895,-0.739932395222129
"176",16,"LAYING",0.0789381220355816,0.0079481069090025,-0.00467469823628666,-0.63978102073413,-0.607971599340832,-0.762820240449202,-0.0967092754729682,-0.0423181079782632,-0.0548303497968374,-0.731348533131935,-0.786062320321895,-0.739932395222129
"177",1,"LAYING",0.0789381220355816,0.0079481069090025,-0.00467469823628666,-0.63978102073413,-0.607971599340832,-0.762820240449202,-0.0967092754729682,-0.0423181079782632,-0.0548303497968374,-0.731348533131935,-0.786062320321895,-0.739932395222129
"178",15,"LAYING",0.0789381220355816,0.0079481069090025,-0.00467469823628666,-0.63978102073413,-0.607971599340832,-0.762820240449202,-0.0967092754729682,-0.0423181079782632,-0.0548303497968374,-0.731348533131935,-0.786062320321895,-0.739932395222129
"179",2,"LAYING",0.0789381220355816,0.0079481069090025,-0.00467469823628666,-0.63978102073413,-0.607971599340832,-0.762820240449202,-0.0967092754729682,-0.0423181079782632,-0.0548303497968374,-0.731348533131935,-0.786062320321895,-0.739932395222129
"180",17,"LAYING",0.0789381220355816,0.0079481069090025,-0.00467469823628666,-0.63978102073413,-0.607971599340832,-0.762820240449202,-0.0967092754729682,-0.0423181079782632,-0.0548303497968374,-0.731348533131935,-0.786062320321895,-0.739932395222129
