"","subject","activity","mean_fast_fourier_transform_bodyacc_minus_mean_minus_x","mean_fast_fourier_transform_bodyacc_minus_mean_minus_y","mean_fast_fourier_transform_bodyacc_minus_mean_minus_z","mean_fast_fourier_transform_bodyacc_minus_std_minus_x","mean_fast_fourier_transform_bodyacc_minus_std_minus_y","mean_fast_fourier_transform_bodyacc_minus_std_minus_z","mean_fast_fourier_transform_bodyacc_minus_mean_freq_minus_x","mean_fast_fourier_transform_bodyacc_minus_mean_freq_minus_y","mean_fast_fourier_transform_bodyacc_minus_mean_freq_minus_z","mean_fast_fourier_transform_bodygyro_minus_mean_minus_x","mean_fast_fourier_transform_bodygyro_minus_mean_minus_y","mean_fast_fourier_transform_bodygyro_minus_mean_minus_z","mean_fast_fourier_transform_bodygyro_minus_std_minus_x","mean_fast_fourier_transform_bodygyro_minus_std_minus_y","mean_fast_fourier_transform_bodygyro_minus_std_minus_z","mean_fast_fourier_transform_bodygyro_minus_mean_freq_minus_x","mean_fast_fourier_transform_bodygyro_minus_mean_freq_minus_y","mean_fast_fourier_transform_bodygyro_minus_mean_freq_minus_z"
"1",7,"WALKING",-0.622761658493734,-0.53749328145871,-0.665033506271952,-0.603356276555826,-0.528420009576204,-0.617874813333395,-0.2214691368263,0.160434129035088,0.0473098698476722,-0.672094306818974,-0.70621663959074,-0.366733617894737,-0.738594816501343,-0.674226934551517,-0.690446312501126,-0.101042702224631,-0.174277577553958,-0.0513928953203266
"2",21,"WALKING",-0.622761658493734,-0.53749328145871,-0.665033506271952,-0.603356276555826,-0.528420009576204,-0.617874813333395,-0.2214691368263,0.0431149928317308,0.0473098698476722,-0.672094306818974,-0.70621663959074,-0.283262474865385,-0.738594816501343,-0.674226934551517,-0.690446312501126,-0.101042702224631,-0.174277577553958,-0.0513928953203266
"3",18,"WALKING",-0.622761658493734,-0.53749328145871,-0.665033506271952,-0.603356276555826,-0.528420009576204,-0.617874813333395,-0.2214691368263,0.0639302961089286,0.0473098698476722,-0.672094306818974,-0.70621663959074,-0.538152344821429,-0.738594816501343,-0.674226934551517,-0.690446312501126,-0.101042702224631,-0.174277577553958,-0.0513928953203266
"4",11,"WALKING",-0.622761658493734,-0.53749328145871,-0.665033506271952,-0.603356276555826,-0.528420009576204,-0.617874813333395,-0.2214691368263,0.0128761033966102,0.0473098698476722,-0.672094306818974,-0.70621663959074,-0.398293336610169,-0.738594816501343,-0.674226934551517,-0.690446312501126,-0.101042702224631,-0.174277577553958,-0.0513928953203266
"5",20,"WALKING",-0.622761658493734,-0.53749328145871,-0.665033506271952,-0.603356276555826,-0.528420009576204,-0.617874813333395,-0.2214691368263,-0.00368602589490196,0.0473098698476722,-0.672094306818974,-0.70621663959074,-0.108892495684314,-0.738594816501343,-0.674226934551517,-0.690446312501126,-0.101042702224631,-0.174277577553958,-0.0513928953203266
"6",22,"WALKING",-0.622761658493734,-0.53749328145871,-0.665033506271952,-0.603356276555826,-0.528420009576204,-0.617874813333395,-0.2214691368263,0.309767108065217,0.0473098698476722,-0.672094306818974,-0.70621663959074,-0.083501182326087,-0.738594816501343,-0.674226934551517,-0.690446312501126,-0.101042702224631,-0.174277577553958,-0.0513928953203266
"7",26,"WALKING",-0.622761658493734,-0.53749328145871,-0.665033506271952,-0.603356276555826,-0.528420009576204,-0.617874813333395,-0.2214691368263,-0.053962302640678,0.0473098698476722,-0.672094306818974,-0.70621663959074,-0.318516813050847,-0.738594816501343,-0.674226934551517,-0.690446312501126,-0.101042702224631,-0.174277577553958,-0.0513928953203266
"8",6,"WALKING",-0.622761658493734,-0.53749328145871,-0.665033506271952,-0.603356276555826,-0.528420009576204,-0.617874813333395,-0.2214691368263,0.0220734188245614,0.0473098698476722,-0.672094306818974,-0.70621663959074,-0.203575458733333,-0.738594816501343,-0.674226934551517,-0.690446312501126,-0.101042702224631,-0.174277577553958,-0.0513928953203266
"9",19,"WALKING",-0.622761658493734,-0.53749328145871,-0.665033506271952,-0.603356276555826,-0.528420009576204,-0.617874813333395,-0.2214691368263,0.05707673046,0.0473098698476722,-0.672094306818974,-0.70621663959074,-0.01050470716,-0.738594816501343,-0.674226934551517,-0.690446312501126,-0.101042702224631,-0.174277577553958,-0.0513928953203266
"10",14,"WALKING",-0.622761658493734,-0.53749328145871,-0.665033506271952,-0.603356276555826,-0.528420009576204,-0.617874813333395,-0.2214691368263,-0.143666881322034,0.0473098698476722,-0.672094306818974,-0.70621663959074,-0.212925759152542,-0.738594816501343,-0.674226934551517,-0.690446312501126,-0.101042702224631,-0.174277577553958,-0.0513928953203266
"11",29,"WALKING",-0.622761658493734,-0.53749328145871,-0.665033506271952,-0.603356276555826,-0.528420009576204,-0.617874813333395,-0.2214691368263,0.232676315733962,0.0473098698476722,-0.672094306818974,-0.70621663959074,-0.397277495471698,-0.738594816501343,-0.674226934551517,-0.690446312501126,-0.101042702224631,-0.174277577553958,-0.0513928953203266
"12",27,"WALKING",-0.622761658493734,-0.53749328145871,-0.665033506271952,-0.603356276555826,-0.528420009576204,-0.617874813333395,-0.2214691368263,0.154280392119298,0.0473098698476722,-0.672094306818974,-0.70621663959074,-0.318182379824561,-0.738594816501343,-0.674226934551517,-0.690446312501126,-0.101042702224631,-0.174277577553958,-0.0513928953203266
"13",4,"WALKING",-0.622761658493734,-0.53749328145871,-0.665033506271952,-0.603356276555826,-0.528420009576204,-0.617874813333395,-0.2214691368263,0.0123477342916667,0.0473098698476722,-0.672094306818974,-0.70621663959074,-0.601381129166667,-0.738594816501343,-0.674226934551517,-0.690446312501126,-0.101042702224631,-0.174277577553958,-0.0513928953203266
"14",3,"WALKING",-0.622761658493734,-0.53749328145871,-0.665033506271952,-0.603356276555826,-0.528420009576204,-0.617874813333395,-0.2214691368263,0.171743003017241,0.0473098698476722,-0.672094306818974,-0.70621663959074,-0.418126217413793,-0.738594816501343,-0.674226934551517,-0.690446312501126,-0.101042702224631,-0.174277577553958,-0.0513928953203266
"15",30,"WALKING",-0.622761658493734,-0.53749328145871,-0.665033506271952,-0.603356276555826,-0.528420009576204,-0.617874813333395,-0.2214691368263,0.0306217232524615,0.0473098698476722,-0.672094306818974,-0.70621663959074,-0.247350343692308,-0.738594816501343,-0.674226934551517,-0.690446312501126,-0.101042702224631,-0.174277577553958,-0.0513928953203266
"16",13,"WALKING",-0.622761658493734,-0.53749328145871,-0.665033506271952,-0.603356276555826,-0.528420009576204,-0.617874813333395,-0.2214691368263,0.0194304158877193,0.0473098698476722,-0.672094306818974,-0.70621663959074,-0.276607954736842,-0.738594816501343,-0.674226934551517,-0.690446312501126,-0.101042702224631,-0.174277577553958,-0.0513928953203266
"17",9,"WALKING",-0.622761658493734,-0.53749328145871,-0.665033506271952,-0.603356276555826,-0.528420009576204,-0.617874813333395,-0.2214691368263,0.0213195015442308,0.0473098698476722,-0.672094306818974,-0.70621663959074,-0.240222512134615,-0.738594816501343,-0.674226934551517,-0.690446312501126,-0.101042702224631,-0.174277577553958,-0.0513928953203266
"18",12,"WALKING",-0.622761658493734,-0.53749328145871,-0.665033506271952,-0.603356276555826,-0.528420009576204,-0.617874813333395,-0.2214691368263,0.149107488714,0.0473098698476722,-0.672094306818974,-0.70621663959074,-0.31728248436,-0.738594816501343,-0.674226934551517,-0.690446312501126,-0.101042702224631,-0.174277577553958,-0.0513928953203266
"19",1,"WALKING",-0.622761658493734,-0.53749328145871,-0.665033506271952,-0.603356276555826,-0.528420009576204,-0.617874813333395,-0.2214691368263,0.113093646103158,0.0473098698476722,-0.672094306818974,-0.70621663959074,-0.255940940315789,-0.738594816501343,-0.674226934551517,-0.690446312501126,-0.101042702224631,-0.174277577553958,-0.0513928953203266
"20",8,"WALKING",-0.622761658493734,-0.53749328145871,-0.665033506271952,-0.603356276555826,-0.528420009576204,-0.617874813333395,-0.2214691368263,0.00356163764166667,0.0473098698476722,-0.672094306818974,-0.70621663959074,-0.132902199479167,-0.738594816501343,-0.674226934551517,-0.690446312501126,-0.101042702224631,-0.174277577553958,-0.0513928953203266
"21",23,"WALKING",-0.622761658493734,-0.53749328145871,-0.665033506271952,-0.603356276555826,-0.528420009576204,-0.617874813333395,-0.2214691368263,0.107804588864407,0.0473098698476722,-0.672094306818974,-0.70621663959074,-0.194970369294915,-0.738594816501343,-0.674226934551517,-0.690446312501126,-0.101042702224631,-0.174277577553958,-0.0513928953203266
"22",25,"WALKING",-0.622761658493734,-0.53749328145871,-0.665033506271952,-0.603356276555826,-0.528420009576204,-0.617874813333395,-0.2214691368263,-0.163298427206757,0.0473098698476722,-0.672094306818974,-0.70621663959074,-0.561322950945946,-0.738594816501343,-0.674226934551517,-0.690446312501126,-0.101042702224631,-0.174277577553958,-0.0513928953203266
"23",5,"WALKING",-0.622761658493734,-0.53749328145871,-0.665033506271952,-0.603356276555826,-0.528420009576204,-0.617874813333395,-0.2214691368263,-0.00204051097321429,0.0473098698476722,-0.672094306818974,-0.70621663959074,-0.213127031035714,-0.738594816501343,-0.674226934551517,-0.690446312501126,-0.101042702224631,-0.174277577553958,-0.0513928953203266
"24",28,"WALKING",-0.622761658493734,-0.53749328145871,-0.665033506271952,-0.603356276555826,-0.528420009576204,-0.617874813333395,-0.2214691368263,-0.05612513965,0.0473098698476722,-0.672094306818974,-0.70621663959074,-0.255029045018519,-0.738594816501343,-0.674226934551517,-0.690446312501126,-0.101042702224631,-0.174277577553958,-0.0513928953203266
"25",10,"WALKING",-0.622761658493734,-0.53749328145871,-0.665033506271952,-0.603356276555826,-0.528420009576204,-0.617874813333395,-0.2214691368263,0.243797496811321,0.0473098698476722,-0.672094306818974,-0.70621663959074,-0.108530029881132,-0.738594816501343,-0.674226934551517,-0.690446312501126,-0.101042702224631,-0.174277577553958,-0.0513928953203266
"26",24,"WALKING",-0.622761658493734,-0.53749328145871,-0.665033506271952,-0.603356276555826,-0.528420009576204,-0.617874813333395,-0.2214691368263,-0.067892712362069,0.0473098698476722,-0.672094306818974,-0.70621663959074,-0.39144792137931,-0.738594816501343,-0.674226934551517,-0.690446312501126,-0.101042702224631,-0.174277577553958,-0.0513928953203266
"27",15,"WALKING",-0.622761658493734,-0.53749328145871,-0.665033506271952,-0.603356276555826,-0.528420009576204,-0.617874813333395,-0.2214691368263,0.0291755441388148,0.0473098698476722,-0.672094306818974,-0.70621663959074,-0.461464065555556,-0.738594816501343,-0.674226934551517,-0.690446312501126,-0.101042702224631,-0.174277577553958,-0.0513928953203266
"28",16,"WALKING",-0.622761658493734,-0.53749328145871,-0.665033506271952,-0.603356276555826,-0.528420009576204,-0.617874813333395,-0.2214691368263,-0.0270392028607843,0.0473098698476722,-0.672094306818974,-0.70621663959074,-0.432885310980392,-0.738594816501343,-0.674226934551517,-0.690446312501126,-0.101042702224631,-0.174277577553958,-0.0513928953203266
"29",2,"WALKING",-0.622761658493734,-0.53749328145871,-0.665033506271952,-0.603356276555826,-0.528420009576204,-0.617874813333395,-0.2214691368263,0.198586466508475,0.0473098698476722,-0.672094306818974,-0.70621663959074,-0.396659907457627,-0.738594816501343,-0.674226934551517,-0.690446312501126,-0.101042702224631,-0.174277577553958,-0.0513928953203266
"30",17,"WALKING",-0.622761658493734,-0.53749328145871,-0.665033506271952,-0.603356276555826,-0.528420009576204,-0.617874813333395,-0.2214691368263,0.00857138068540984,0.0473098698476722,-0.672094306818974,-0.70621663959074,-0.398809217540984,-0.738594816501343,-0.674226934551517,-0.690446312501126,-0.101042702224631,-0.174277577553958,-0.0513928953203266
"31",3,"WALKING_UPSTAIRS",-0.622761658493734,-0.53749328145871,-0.665033506271952,-0.603356276555826,-0.528420009576204,-0.617874813333395,-0.2214691368263,-0.100019162177966,0.0473098698476722,-0.672094306818974,-0.70621663959074,-0.431503361525424,-0.738594816501343,-0.674226934551517,-0.690446312501126,-0.101042702224631,-0.174277577553958,-0.0513928953203266
"32",1,"WALKING_UPSTAIRS",-0.622761658493734,-0.53749328145871,-0.665033506271952,-0.603356276555826,-0.528420009576204,-0.617874813333395,-0.2214691368263,-0.160697213516981,0.0473098698476722,-0.672094306818974,-0.70621663959074,-0.453597213018868,-0.738594816501343,-0.674226934551517,-0.690446312501126,-0.101042702224631,-0.174277577553958,-0.0513928953203266
"33",21,"WALKING_UPSTAIRS",-0.622761658493734,-0.53749328145871,-0.665033506271952,-0.603356276555826,-0.528420009576204,-0.617874813333395,-0.2214691368263,-0.0961003618297872,0.0473098698476722,-0.672094306818974,-0.70621663959074,-0.155762354829787,-0.738594816501343,-0.674226934551517,-0.690446312501126,-0.101042702224631,-0.174277577553958,-0.0513928953203266
"34",23,"WALKING_UPSTAIRS",-0.622761658493734,-0.53749328145871,-0.665033506271952,-0.603356276555826,-0.528420009576204,-0.617874813333395,-0.2214691368263,-0.188068413803922,0.0473098698476722,-0.672094306818974,-0.70621663959074,-0.163001294113725,-0.738594816501343,-0.674226934551517,-0.690446312501126,-0.101042702224631,-0.174277577553958,-0.0513928953203266
"35",13,"WALKING_UPSTAIRS",-0.622761658493734,-0.53749328145871,-0.665033506271952,-0.603356276555826,-0.528420009576204,-0.617874813333395,-0.2214691368263,-0.247165637745455,0.0473098698476722,-0.672094306818974,-0.70621663959074,-0.255338945927273,-0.738594816501343,-0.674226934551517,-0.690446312501126,-0.101042702224631,-0.174277577553958,-0.0513928953203266
"36",20,"WALKING_UPSTAIRS",-0.622761658493734,-0.53749328145871,-0.665033506271952,-0.603356276555826,-0.528420009576204,-0.617874813333395,-0.2214691368263,-0.155662086254902,0.0473098698476722,-0.672094306818974,-0.70621663959074,0.115076640798039,-0.738594816501343,-0.674226934551517,-0.690446312501126,-0.101042702224631,-0.174277577553958,-0.0513928953203266
"37",22,"WALKING_UPSTAIRS",-0.622761658493734,-0.53749328145871,-0.665033506271952,-0.603356276555826,-0.528420009576204,-0.617874813333395,-0.2214691368263,-0.0343404000452381,0.0473098698476722,-0.672094306818974,-0.70621663959074,-0.199313066142857,-0.738594816501343,-0.674226934551517,-0.690446312501126,-0.101042702224631,-0.174277577553958,-0.0513928953203266
"38",4,"WALKING_UPSTAIRS",-0.622761658493734,-0.53749328145871,-0.665033506271952,-0.603356276555826,-0.528420009576204,-0.617874813333395,-0.2214691368263,-0.0662348475480769,0.0473098698476722,-0.672094306818974,-0.70621663959074,-0.350765737115385,-0.738594816501343,-0.674226934551517,-0.690446312501126,-0.101042702224631,-0.174277577553958,-0.0513928953203266
"39",12,"WALKING_UPSTAIRS",-0.622761658493734,-0.53749328145871,-0.665033506271952,-0.603356276555826,-0.528420009576204,-0.617874813333395,-0.2214691368263,-0.105269653898077,0.0473098698476722,-0.672094306818974,-0.70621663959074,-0.406080936346154,-0.738594816501343,-0.674226934551517,-0.690446312501126,-0.101042702224631,-0.174277577553958,-0.0513928953203266
"40",9,"WALKING_UPSTAIRS",-0.622761658493734,-0.53749328145871,-0.665033506271952,-0.603356276555826,-0.528420009576204,-0.617874813333395,-0.2214691368263,-0.247086151469388,0.0473098698476722,-0.672094306818974,-0.70621663959074,-0.327698671183673,-0.738594816501343,-0.674226934551517,-0.690446312501126,-0.101042702224631,-0.174277577553958,-0.0513928953203266
"41",7,"WALKING_UPSTAIRS",-0.622761658493734,-0.53749328145871,-0.665033506271952,-0.603356276555826,-0.528420009576204,-0.617874813333395,-0.2214691368263,-0.135079176790196,0.0473098698476722,-0.672094306818974,-0.70621663959074,-0.408150266666667,-0.738594816501343,-0.674226934551517,-0.690446312501126,-0.101042702224631,-0.174277577553958,-0.0513928953203266
"42",11,"WALKING_UPSTAIRS",-0.622761658493734,-0.53749328145871,-0.665033506271952,-0.603356276555826,-0.528420009576204,-0.617874813333395,-0.2214691368263,-0.189232158777778,0.0473098698476722,-0.672094306818974,-0.70621663959074,-0.674671878518519,-0.738594816501343,-0.674226934551517,-0.690446312501126,-0.101042702224631,-0.174277577553958,-0.0513928953203266
"43",2,"WALKING_UPSTAIRS",-0.622761658493734,-0.53749328145871,-0.665033506271952,-0.603356276555826,-0.528420009576204,-0.617874813333395,-0.2214691368263,-0.0618894458958333,0.0473098698476722,-0.672094306818974,-0.70621663959074,-0.248601122,-0.738594816501343,-0.674226934551517,-0.690446312501126,-0.101042702224631,-0.174277577553958,-0.0513928953203266
"44",6,"WALKING_UPSTAIRS",-0.622761658493734,-0.53749328145871,-0.665033506271952,-0.603356276555826,-0.528420009576204,-0.617874813333395,-0.2214691368263,-0.0948830032690196,0.0473098698476722,-0.672094306818974,-0.70621663959074,-0.0464142110215686,-0.738594816501343,-0.674226934551517,-0.690446312501126,-0.101042702224631,-0.174277577553958,-0.0513928953203266
"45",25,"WALKING_UPSTAIRS",-0.622761658493734,-0.53749328145871,-0.665033506271952,-0.603356276555826,-0.528420009576204,-0.617874813333395,-0.2214691368263,-0.379518455061538,0.0473098698476722,-0.672094306818974,-0.70621663959074,-0.575169715692308,-0.738594816501343,-0.674226934551517,-0.690446312501126,-0.101042702224631,-0.174277577553958,-0.0513928953203266
"46",5,"WALKING_UPSTAIRS",-0.622761658493734,-0.53749328145871,-0.665033506271952,-0.603356276555826,-0.528420009576204,-0.617874813333395,-0.2214691368263,-0.122487323859574,0.0473098698476722,-0.672094306818974,-0.70621663959074,-0.139801393244681,-0.738594816501343,-0.674226934551517,-0.690446312501126,-0.101042702224631,-0.174277577553958,-0.0513928953203266
"47",18,"WALKING_UPSTAIRS",-0.622761658493734,-0.53749328145871,-0.665033506271952,-0.603356276555826,-0.528420009576204,-0.617874813333395,-0.2214691368263,-0.249448649272414,0.0473098698476722,-0.672094306818974,-0.70621663959074,-0.504364096896552,-0.738594816501343,-0.674226934551517,-0.690446312501126,-0.101042702224631,-0.174277577553958,-0.0513928953203266
"48",15,"WALKING_UPSTAIRS",-0.622761658493734,-0.53749328145871,-0.665033506271952,-0.603356276555826,-0.528420009576204,-0.617874813333395,-0.2214691368263,-0.149770907839583,0.0473098698476722,-0.672094306818974,-0.70621663959074,-0.485701745833333,-0.738594816501343,-0.674226934551517,-0.690446312501126,-0.101042702224631,-0.174277577553958,-0.0513928953203266
"49",26,"WALKING_UPSTAIRS",-0.622761658493734,-0.53749328145871,-0.665033506271952,-0.603356276555826,-0.528420009576204,-0.617874813333395,-0.2214691368263,-0.231358959054545,0.0473098698476722,-0.672094306818974,-0.70621663959074,-0.342703926363636,-0.738594816501343,-0.674226934551517,-0.690446312501126,-0.101042702224631,-0.174277577553958,-0.0513928953203266
"50",8,"WALKING_UPSTAIRS",-0.622761658493734,-0.53749328145871,-0.665033506271952,-0.603356276555826,-0.528420009576204,-0.617874813333395,-0.2214691368263,-0.100254405917073,0.0473098698476722,-0.672094306818974,-0.70621663959074,0.16597418695122,-0.738594816501343,-0.674226934551517,-0.690446312501126,-0.101042702224631,-0.174277577553958,-0.0513928953203266
"51",27,"WALKING_UPSTAIRS",-0.622761658493734,-0.53749328145871,-0.665033506271952,-0.603356276555826,-0.528420009576204,-0.617874813333395,-0.2214691368263,-0.18135640627451,0.0473098698476722,-0.672094306818974,-0.70621663959074,-0.400528455490196,-0.738594816501343,-0.674226934551517,-0.690446312501126,-0.101042702224631,-0.174277577553958,-0.0513928953203266
"52",14,"WALKING_UPSTAIRS",-0.622761658493734,-0.53749328145871,-0.665033506271952,-0.603356276555826,-0.528420009576204,-0.617874813333395,-0.2214691368263,-0.366543121851852,0.0473098698476722,-0.672094306818974,-0.70621663959074,0.196703218737037,-0.738594816501343,-0.674226934551517,-0.690446312501126,-0.101042702224631,-0.174277577553958,-0.0513928953203266
"53",16,"WALKING_UPSTAIRS",-0.622761658493734,-0.53749328145871,-0.665033506271952,-0.603356276555826,-0.528420009576204,-0.617874813333395,-0.2214691368263,-0.223644983547059,0.0473098698476722,-0.672094306818974,-0.70621663959074,-0.492427493529412,-0.738594816501343,-0.674226934551517,-0.690446312501126,-0.101042702224631,-0.174277577553958,-0.0513928953203266
"54",28,"WALKING_UPSTAIRS",-0.622761658493734,-0.53749328145871,-0.665033506271952,-0.603356276555826,-0.528420009576204,-0.617874813333395,-0.2214691368263,-0.0852282260803922,0.0473098698476722,-0.672094306818974,-0.70621663959074,-0.318210999529412,-0.738594816501343,-0.674226934551517,-0.690446312501126,-0.101042702224631,-0.174277577553958,-0.0513928953203266
"55",24,"WALKING_UPSTAIRS",-0.622761658493734,-0.53749328145871,-0.665033506271952,-0.603356276555826,-0.528420009576204,-0.617874813333395,-0.2214691368263,-0.271713646627119,0.0473098698476722,-0.672094306818974,-0.70621663959074,-0.372182912033898,-0.738594816501343,-0.674226934551517,-0.690446312501126,-0.101042702224631,-0.174277577553958,-0.0513928953203266
"56",17,"WALKING_UPSTAIRS",-0.622761658493734,-0.53749328145871,-0.665033506271952,-0.603356276555826,-0.528420009576204,-0.617874813333395,-0.2214691368263,-0.15669437456875,0.0473098698476722,-0.672094306818974,-0.70621663959074,-0.324273713333333,-0.738594816501343,-0.674226934551517,-0.690446312501126,-0.101042702224631,-0.174277577553958,-0.0513928953203266
"57",29,"WALKING_UPSTAIRS",-0.622761658493734,-0.53749328145871,-0.665033506271952,-0.603356276555826,-0.528420009576204,-0.617874813333395,-0.2214691368263,-0.131972012708163,0.0473098698476722,-0.672094306818974,-0.70621663959074,-0.34170013244898,-0.738594816501343,-0.674226934551517,-0.690446312501126,-0.101042702224631,-0.174277577553958,-0.0513928953203266
"58",10,"WALKING_UPSTAIRS",-0.622761658493734,-0.53749328145871,-0.665033506271952,-0.603356276555826,-0.528420009576204,-0.617874813333395,-0.2214691368263,-0.0035449232893617,0.0473098698476722,-0.672094306818974,-0.70621663959074,-0.262763367170213,-0.738594816501343,-0.674226934551517,-0.690446312501126,-0.101042702224631,-0.174277577553958,-0.0513928953203266
"59",19,"WALKING_UPSTAIRS",-0.622761658493734,-0.53749328145871,-0.665033506271952,-0.603356276555826,-0.528420009576204,-0.617874813333395,-0.2214691368263,0.01976741622,0.0473098698476722,-0.672094306818974,-0.70621663959074,-0.06612935167,-0.738594816501343,-0.674226934551517,-0.690446312501126,-0.101042702224631,-0.174277577553958,-0.0513928953203266
"60",30,"WALKING_UPSTAIRS",-0.622761658493734,-0.53749328145871,-0.665033506271952,-0.603356276555826,-0.528420009576204,-0.617874813333395,-0.2214691368263,-0.333821697015385,0.0473098698476722,-0.672094306818974,-0.70621663959074,-0.318937001538462,-0.738594816501343,-0.674226934551517,-0.690446312501126,-0.101042702224631,-0.174277577553958,-0.0513928953203266
"61",3,"WALKING_DOWNSTAIRS",-0.622761658493734,-0.53749328145871,-0.665033506271952,-0.603356276555826,-0.528420009576204,-0.617874813333395,-0.2214691368263,0.0529065241102041,0.0473098698476722,-0.672094306818974,-0.70621663959074,-0.302866461179592,-0.738594816501343,-0.674226934551517,-0.690446312501126,-0.101042702224631,-0.174277577553958,-0.0513928953203266
"62",13,"WALKING_DOWNSTAIRS",-0.622761658493734,-0.53749328145871,-0.665033506271952,-0.603356276555826,-0.528420009576204,-0.617874813333395,-0.2214691368263,-0.014212010202766,0.0473098698476722,-0.672094306818974,-0.70621663959074,-0.212906662531915,-0.738594816501343,-0.674226934551517,-0.690446312501126,-0.101042702224631,-0.174277577553958,-0.0513928953203266
"63",7,"WALKING_DOWNSTAIRS",-0.622761658493734,-0.53749328145871,-0.665033506271952,-0.603356276555826,-0.528420009576204,-0.617874813333395,-0.2214691368263,-0.0314736615829787,0.0473098698476722,-0.672094306818974,-0.70621663959074,-0.299600267680851,-0.738594816501343,-0.674226934551517,-0.690446312501126,-0.101042702224631,-0.174277577553958,-0.0513928953203266
"64",14,"WALKING_DOWNSTAIRS",-0.622761658493734,-0.53749328145871,-0.665033506271952,-0.603356276555826,-0.528420009576204,-0.617874813333395,-0.2214691368263,-0.00777749593111111,0.0473098698476722,-0.672094306818974,-0.70621663959074,0.492414379822222,-0.738594816501343,-0.674226934551517,-0.690446312501126,-0.101042702224631,-0.174277577553958,-0.0513928953203266
"65",20,"WALKING_DOWNSTAIRS",-0.622761658493734,-0.53749328145871,-0.665033506271952,-0.603356276555826,-0.528420009576204,-0.617874813333395,-0.2214691368263,-0.04949564172,0.0473098698476722,-0.672094306818974,-0.70621663959074,0.257037841093333,-0.738594816501343,-0.674226934551517,-0.690446312501126,-0.101042702224631,-0.174277577553958,-0.0513928953203266
"66",18,"WALKING_DOWNSTAIRS",-0.622761658493734,-0.53749328145871,-0.665033506271952,-0.603356276555826,-0.528420009576204,-0.617874813333395,-0.2214691368263,-0.14009430376,0.0473098698476722,-0.672094306818974,-0.70621663959074,-0.447030699454545,-0.738594816501343,-0.674226934551517,-0.690446312501126,-0.101042702224631,-0.174277577553958,-0.0513928953203266
"67",9,"WALKING_DOWNSTAIRS",-0.622761658493734,-0.53749328145871,-0.665033506271952,-0.603356276555826,-0.528420009576204,-0.617874813333395,-0.2214691368263,0.0625058243738095,0.0473098698476722,-0.672094306818974,-0.70621663959074,-0.250686586719048,-0.738594816501343,-0.674226934551517,-0.690446312501126,-0.101042702224631,-0.174277577553958,-0.0513928953203266
"68",11,"WALKING_DOWNSTAIRS",-0.622761658493734,-0.53749328145871,-0.665033506271952,-0.603356276555826,-0.528420009576204,-0.617874813333395,-0.2214691368263,-0.0561892264956522,0.0473098698476722,-0.672094306818974,-0.70621663959074,-0.273459111956522,-0.738594816501343,-0.674226934551517,-0.690446312501126,-0.101042702224631,-0.174277577553958,-0.0513928953203266
"69",24,"WALKING_DOWNSTAIRS",-0.622761658493734,-0.53749328145871,-0.665033506271952,-0.603356276555826,-0.528420009576204,-0.617874813333395,-0.2214691368263,-0.0116848720163636,0.0473098698476722,-0.672094306818974,-0.70621663959074,-0.396286646363636,-0.738594816501343,-0.674226934551517,-0.690446312501126,-0.101042702224631,-0.174277577553958,-0.0513928953203266
"70",22,"WALKING_DOWNSTAIRS",-0.622761658493734,-0.53749328145871,-0.665033506271952,-0.603356276555826,-0.528420009576204,-0.617874813333395,-0.2214691368263,0.0282644422805556,0.0473098698476722,-0.672094306818974,-0.70621663959074,-0.194915698805556,-0.738594816501343,-0.674226934551517,-0.690446312501126,-0.101042702224631,-0.174277577553958,-0.0513928953203266
"71",19,"WALKING_DOWNSTAIRS",-0.622761658493734,-0.53749328145871,-0.665033506271952,-0.603356276555826,-0.528420009576204,-0.617874813333395,-0.2214691368263,0.0126113511538462,0.0473098698476722,-0.672094306818974,-0.70621663959074,0.210673073192308,-0.738594816501343,-0.674226934551517,-0.690446312501126,-0.101042702224631,-0.174277577553958,-0.0513928953203266
"72",6,"WALKING_DOWNSTAIRS",-0.622761658493734,-0.53749328145871,-0.665033506271952,-0.603356276555826,-0.528420009576204,-0.617874813333395,-0.2214691368263,0.021911178210625,0.0473098698476722,-0.672094306818974,-0.70621663959074,0.15284524938125,-0.738594816501343,-0.674226934551517,-0.690446312501126,-0.101042702224631,-0.174277577553958,-0.0513928953203266
"73",15,"WALKING_DOWNSTAIRS",-0.622761658493734,-0.53749328145871,-0.665033506271952,-0.603356276555826,-0.528420009576204,-0.617874813333395,-0.2214691368263,0.0233642533238095,0.0473098698476722,-0.672094306818974,-0.70621663959074,-0.18319480152381,-0.738594816501343,-0.674226934551517,-0.690446312501126,-0.101042702224631,-0.174277577553958,-0.0513928953203266
"74",17,"WALKING_DOWNSTAIRS",-0.622761658493734,-0.53749328145871,-0.665033506271952,-0.603356276555826,-0.528420009576204,-0.617874813333395,-0.2214691368263,-0.155801013828261,0.0473098698476722,-0.672094306818974,-0.70621663959074,-0.403380386086957,-0.738594816501343,-0.674226934551517,-0.690446312501126,-0.101042702224631,-0.174277577553958,-0.0513928953203266
"75",1,"WALKING_DOWNSTAIRS",-0.622761658493734,-0.53749328145871,-0.665033506271952,-0.603356276555826,-0.528420009576204,-0.617874813333395,-0.2214691368263,0.0632200839346939,0.0473098698476722,-0.672094306818974,-0.70621663959074,-0.0318694271979592,-0.738594816501343,-0.674226934551517,-0.690446312501126,-0.101042702224631,-0.174277577553958,-0.0513928953203266
"76",21,"WALKING_DOWNSTAIRS",-0.622761658493734,-0.53749328145871,-0.665033506271952,-0.603356276555826,-0.528420009576204,-0.617874813333395,-0.2214691368263,-0.146948731184444,0.0473098698476722,-0.672094306818974,-0.70621663959074,-0.238221682666667,-0.738594816501343,-0.674226934551517,-0.690446312501126,-0.101042702224631,-0.174277577553958,-0.0513928953203266
"77",23,"WALKING_DOWNSTAIRS",-0.622761658493734,-0.53749328145871,-0.665033506271952,-0.603356276555826,-0.528420009576204,-0.617874813333395,-0.2214691368263,0.0130298524666667,0.0473098698476722,-0.672094306818974,-0.70621663959074,-0.141266888477778,-0.738594816501343,-0.674226934551517,-0.690446312501126,-0.101042702224631,-0.174277577553958,-0.0513928953203266
"78",25,"WALKING_DOWNSTAIRS",-0.622761658493734,-0.53749328145871,-0.665033506271952,-0.603356276555826,-0.528420009576204,-0.617874813333395,-0.2214691368263,-0.173414057262069,0.0473098698476722,-0.672094306818974,-0.70621663959074,-0.410311447586207,-0.738594816501343,-0.674226934551517,-0.690446312501126,-0.101042702224631,-0.174277577553958,-0.0513928953203266
"79",4,"WALKING_DOWNSTAIRS",-0.622761658493734,-0.53749328145871,-0.665033506271952,-0.603356276555826,-0.528420009576204,-0.617874813333395,-0.2214691368263,0.213581745013333,0.0473098698476722,-0.672094306818974,-0.70621663959074,-0.318306481022222,-0.738594816501343,-0.674226934551517,-0.690446312501126,-0.101042702224631,-0.174277577553958,-0.0513928953203266
"80",26,"WALKING_DOWNSTAIRS",-0.622761658493734,-0.53749328145871,-0.665033506271952,-0.603356276555826,-0.528420009576204,-0.617874813333395,-0.2214691368263,0.0044402193,0.0473098698476722,-0.672094306818974,-0.70621663959074,-0.22138882542,-0.738594816501343,-0.674226934551517,-0.690446312501126,-0.101042702224631,-0.174277577553958,-0.0513928953203266
"81",5,"WALKING_DOWNSTAIRS",-0.622761658493734,-0.53749328145871,-0.665033506271952,-0.603356276555826,-0.528420009576204,-0.617874813333395,-0.2214691368263,0.0363662394234043,0.0473098698476722,-0.672094306818974,-0.70621663959074,-0.034175027916383,-0.738594816501343,-0.674226934551517,-0.690446312501126,-0.101042702224631,-0.174277577553958,-0.0513928953203266
"82",8,"WALKING_DOWNSTAIRS",-0.622761658493734,-0.53749328145871,-0.665033506271952,-0.603356276555826,-0.528420009576204,-0.617874813333395,-0.2214691368263,0.0511555478315789,0.0473098698476722,-0.672094306818974,-0.70621663959074,0.0277498065176316,-0.738594816501343,-0.674226934551517,-0.690446312501126,-0.101042702224631,-0.174277577553958,-0.0513928953203266
"83",29,"WALKING_DOWNSTAIRS",-0.622761658493734,-0.53749328145871,-0.665033506271952,-0.603356276555826,-0.528420009576204,-0.617874813333395,-0.2214691368263,0.1828974943125,0.0473098698476722,-0.672094306818974,-0.70621663959074,-0.199225894479167,-0.738594816501343,-0.674226934551517,-0.690446312501126,-0.101042702224631,-0.174277577553958,-0.0513928953203266
"84",27,"WALKING_DOWNSTAIRS",-0.622761658493734,-0.53749328145871,-0.665033506271952,-0.603356276555826,-0.528420009576204,-0.617874813333395,-0.2214691368263,0.0530611096231818,0.0473098698476722,-0.672094306818974,-0.70621663959074,-0.144904904113636,-0.738594816501343,-0.674226934551517,-0.690446312501126,-0.101042702224631,-0.174277577553958,-0.0513928953203266
"85",10,"WALKING_DOWNSTAIRS",-0.622761658493734,-0.53749328145871,-0.665033506271952,-0.603356276555826,-0.528420009576204,-0.617874813333395,-0.2214691368263,0.0667192523289474,0.0473098698476722,-0.672094306818974,-0.70621663959074,0.0391366814342105,-0.738594816501343,-0.674226934551517,-0.690446312501126,-0.101042702224631,-0.174277577553958,-0.0513928953203266
"86",16,"WALKING_DOWNSTAIRS",-0.622761658493734,-0.53749328145871,-0.665033506271952,-0.603356276555826,-0.528420009576204,-0.617874813333395,-0.2214691368263,-0.00264587983404255,0.0473098698476722,-0.672094306818974,-0.70621663959074,-0.375000625531915,-0.738594816501343,-0.674226934551517,-0.690446312501126,-0.101042702224631,-0.174277577553958,-0.0513928953203266
"87",12,"WALKING_DOWNSTAIRS",-0.622761658493734,-0.53749328145871,-0.665033506271952,-0.603356276555826,-0.528420009576204,-0.617874813333395,-0.2214691368263,0.0793321823326087,0.0473098698476722,-0.672094306818974,-0.70621663959074,-0.212767364326087,-0.738594816501343,-0.674226934551517,-0.690446312501126,-0.101042702224631,-0.174277577553958,-0.0513928953203266
"88",28,"WALKING_DOWNSTAIRS",-0.622761658493734,-0.53749328145871,-0.665033506271952,-0.603356276555826,-0.528420009576204,-0.617874813333395,-0.2214691368263,0.0116076206369565,0.0473098698476722,-0.672094306818974,-0.70621663959074,-0.184392337071739,-0.738594816501343,-0.674226934551517,-0.690446312501126,-0.101042702224631,-0.174277577553958,-0.0513928953203266
"89",30,"WALKING_DOWNSTAIRS",-0.622761658493734,-0.53749328145871,-0.665033506271952,-0.603356276555826,-0.528420009576204,-0.617874813333395,-0.2214691368263,-0.0640945645596774,0.0473098698476722,-0.672094306818974,-0.70621663959074,-0.263720763854839,-0.738594816501343,-0.674226934551517,-0.690446312501126,-0.101042702224631,-0.174277577553958,-0.0513928953203266
"90",2,"WALKING_DOWNSTAIRS",-0.622761658493734,-0.53749328145871,-0.665033506271952,-0.603356276555826,-0.528420009576204,-0.617874813333395,-0.2214691368263,0.0119309606468085,0.0473098698476722,-0.672094306818974,-0.70621663959074,-0.0874944736085106,-0.738594816501343,-0.674226934551517,-0.690446312501126,-0.101042702224631,-0.174277577553958,-0.0513928953203266
"91",3,"SITTING",-0.622761658493734,-0.53749328145871,-0.665033506271952,-0.603356276555826,-0.528420009576204,-0.617874813333395,-0.2214691368263,-0.00661630574807692,0.0473098698476722,-0.672094306818974,-0.70621663959074,-0.934967958846154,-0.738594816501343,-0.674226934551517,-0.690446312501126,-0.101042702224631,-0.174277577553958,-0.0513928953203266
"92",29,"SITTING",-0.622761658493734,-0.53749328145871,-0.665033506271952,-0.603356276555826,-0.528420009576204,-0.617874813333395,-0.2214691368263,0.107609317655,0.0473098698476722,-0.672094306818974,-0.70621663959074,-0.9739335945,-0.738594816501343,-0.674226934551517,-0.690446312501126,-0.101042702224631,-0.174277577553958,-0.0513928953203266
"93",4,"SITTING",-0.622761658493734,-0.53749328145871,-0.665033506271952,-0.603356276555826,-0.528420009576204,-0.617874813333395,-0.2214691368263,0.07878600934,0.0473098698476722,-0.672094306818974,-0.70621663959074,-0.9337768922,-0.738594816501343,-0.674226934551517,-0.690446312501126,-0.101042702224631,-0.174277577553958,-0.0513928953203266
"94",10,"SITTING",-0.622761658493734,-0.53749328145871,-0.665033506271952,-0.603356276555826,-0.528420009576204,-0.617874813333395,-0.2214691368263,0.0279319737981482,0.0473098698476722,-0.672094306818974,-0.70621663959074,-0.96539546962963,-0.738594816501343,-0.674226934551517,-0.690446312501126,-0.101042702224631,-0.174277577553958,-0.0513928953203266
"95",7,"SITTING",-0.622761658493734,-0.53749328145871,-0.665033506271952,-0.603356276555826,-0.528420009576204,-0.617874813333395,-0.2214691368263,0.0147166711666667,0.0473098698476722,-0.672094306818974,-0.70621663959074,-0.9474199325,-0.738594816501343,-0.674226934551517,-0.690446312501126,-0.101042702224631,-0.174277577553958,-0.0513928953203266
"96",12,"SITTING",-0.622761658493734,-0.53749328145871,-0.665033506271952,-0.603356276555826,-0.528420009576204,-0.617874813333395,-0.2214691368263,0.00241516259019608,0.0473098698476722,-0.672094306818974,-0.70621663959074,-0.955718183921569,-0.738594816501343,-0.674226934551517,-0.690446312501126,-0.101042702224631,-0.174277577553958,-0.0513928953203266
"97",28,"SITTING",-0.622761658493734,-0.53749328145871,-0.665033506271952,-0.603356276555826,-0.528420009576204,-0.617874813333395,-0.2214691368263,-0.0192655570097222,0.0473098698476722,-0.672094306818974,-0.70621663959074,-0.954180279027778,-0.738594816501343,-0.674226934551517,-0.690446312501126,-0.101042702224631,-0.174277577553958,-0.0513928953203266
"98",6,"SITTING",-0.622761658493734,-0.53749328145871,-0.665033506271952,-0.603356276555826,-0.528420009576204,-0.617874813333395,-0.2214691368263,0.123381829747273,0.0473098698476722,-0.672094306818974,-0.70621663959074,-0.934764895454545,-0.738594816501343,-0.674226934551517,-0.690446312501126,-0.101042702224631,-0.174277577553958,-0.0513928953203266
"99",21,"SITTING",-0.622761658493734,-0.53749328145871,-0.665033506271952,-0.603356276555826,-0.528420009576204,-0.617874813333395,-0.2214691368263,0.173532229868235,0.0473098698476722,-0.672094306818974,-0.70621663959074,-0.976839728941176,-0.738594816501343,-0.674226934551517,-0.690446312501126,-0.101042702224631,-0.174277577553958,-0.0513928953203266
"100",25,"SITTING",-0.622761658493734,-0.53749328145871,-0.665033506271952,-0.603356276555826,-0.528420009576204,-0.617874813333395,-0.2214691368263,0.125306723301538,0.0473098698476722,-0.672094306818974,-0.70621663959074,-0.975805890153846,-0.738594816501343,-0.674226934551517,-0.690446312501126,-0.101042702224631,-0.174277577553958,-0.0513928953203266
"101",30,"SITTING",-0.622761658493734,-0.53749328145871,-0.665033506271952,-0.603356276555826,-0.528420009576204,-0.617874813333395,-0.2214691368263,0.00713815064193549,0.0473098698476722,-0.672094306818974,-0.70621663959074,-0.961177109516129,-0.738594816501343,-0.674226934551517,-0.690446312501126,-0.101042702224631,-0.174277577553958,-0.0513928953203266
"102",9,"SITTING",-0.622761658493734,-0.53749328145871,-0.665033506271952,-0.603356276555826,-0.528420009576204,-0.617874813333395,-0.2214691368263,-0.120093395898,0.0473098698476722,-0.672094306818974,-0.70621663959074,-0.940312313,-0.738594816501343,-0.674226934551517,-0.690446312501126,-0.101042702224631,-0.174277577553958,-0.0513928953203266
"103",11,"SITTING",-0.622761658493734,-0.53749328145871,-0.665033506271952,-0.603356276555826,-0.528420009576204,-0.617874813333395,-0.2214691368263,0.0967747743339623,0.0473098698476722,-0.672094306818974,-0.70621663959074,-0.954453821132075,-0.738594816501343,-0.674226934551517,-0.690446312501126,-0.101042702224631,-0.174277577553958,-0.0513928953203266
"104",5,"SITTING",-0.622761658493734,-0.53749328145871,-0.665033506271952,-0.603356276555826,-0.528420009576204,-0.617874813333395,-0.2214691368263,0.0684590033636364,0.0473098698476722,-0.672094306818974,-0.70621663959074,-0.938003425909091,-0.738594816501343,-0.674226934551517,-0.690446312501126,-0.101042702224631,-0.174277577553958,-0.0513928953203266
"105",27,"SITTING",-0.622761658493734,-0.53749328145871,-0.665033506271952,-0.603356276555826,-0.528420009576204,-0.617874813333395,-0.2214691368263,0.144625790198857,0.0473098698476722,-0.672094306818974,-0.70621663959074,-0.976848134285714,-0.738594816501343,-0.674226934551517,-0.690446312501126,-0.101042702224631,-0.174277577553958,-0.0513928953203266
"106",13,"SITTING",-0.622761658493734,-0.53749328145871,-0.665033506271952,-0.603356276555826,-0.528420009576204,-0.617874813333395,-0.2214691368263,0.0253459476734694,0.0473098698476722,-0.672094306818974,-0.70621663959074,-0.968384415510204,-0.738594816501343,-0.674226934551517,-0.690446312501126,-0.101042702224631,-0.174277577553958,-0.0513928953203266
"107",19,"SITTING",-0.622761658493734,-0.53749328145871,-0.665033506271952,-0.603356276555826,-0.528420009576204,-0.617874813333395,-0.2214691368263,-0.00741060234232877,0.0473098698476722,-0.672094306818974,-0.70621663959074,-0.968235777945205,-0.738594816501343,-0.674226934551517,-0.690446312501126,-0.101042702224631,-0.174277577553958,-0.0513928953203266
"108",20,"SITTING",-0.622761658493734,-0.53749328145871,-0.665033506271952,-0.603356276555826,-0.528420009576204,-0.617874813333395,-0.2214691368263,-0.00500928635151515,0.0473098698476722,-0.672094306818974,-0.70621663959074,-0.950963363939394,-0.738594816501343,-0.674226934551517,-0.690446312501126,-0.101042702224631,-0.174277577553958,-0.0513928953203266
"109",26,"SITTING",-0.622761658493734,-0.53749328145871,-0.665033506271952,-0.603356276555826,-0.528420009576204,-0.617874813333395,-0.2214691368263,0.112830239679487,0.0473098698476722,-0.672094306818974,-0.70621663959074,-0.970423693717949,-0.738594816501343,-0.674226934551517,-0.690446312501126,-0.101042702224631,-0.174277577553958,-0.0513928953203266
"110",14,"SITTING",-0.622761658493734,-0.53749328145871,-0.665033506271952,-0.603356276555826,-0.528420009576204,-0.617874813333395,-0.2214691368263,-0.0904275272388889,0.0473098698476722,-0.672094306818974,-0.70621663959074,-0.957020858888889,-0.738594816501343,-0.674226934551517,-0.690446312501126,-0.101042702224631,-0.174277577553958,-0.0513928953203266
"111",24,"SITTING",-0.622761658493734,-0.53749328145871,-0.665033506271952,-0.603356276555826,-0.528420009576204,-0.617874813333395,-0.2214691368263,0.00154835032647059,0.0473098698476722,-0.672094306818974,-0.70621663959074,-0.974686891029412,-0.738594816501343,-0.674226934551517,-0.690446312501126,-0.101042702224631,-0.174277577553958,-0.0513928953203266
"112",2,"SITTING",-0.622761658493734,-0.53749328145871,-0.665033506271952,-0.603356276555826,-0.528420009576204,-0.617874813333395,-0.2214691368263,0.150193956163043,0.0473098698476722,-0.672094306818974,-0.70621663959074,-0.959814822391304,-0.738594816501343,-0.674226934551517,-0.690446312501126,-0.101042702224631,-0.174277577553958,-0.0513928953203266
"113",22,"SITTING",-0.622761658493734,-0.53749328145871,-0.665033506271952,-0.603356276555826,-0.528420009576204,-0.617874813333395,-0.2214691368263,-0.0080693304516129,0.0473098698476722,-0.672094306818974,-0.70621663959074,-0.948367052258065,-0.738594816501343,-0.674226934551517,-0.690446312501126,-0.101042702224631,-0.174277577553958,-0.0513928953203266
"114",8,"SITTING",-0.622761658493734,-0.53749328145871,-0.665033506271952,-0.603356276555826,-0.528420009576204,-0.617874813333395,-0.2214691368263,0.107278338519565,0.0473098698476722,-0.672094306818974,-0.70621663959074,-0.961798676956522,-0.738594816501343,-0.674226934551517,-0.690446312501126,-0.101042702224631,-0.174277577553958,-0.0513928953203266
"115",1,"SITTING",-0.622761658493734,-0.53749328145871,-0.665033506271952,-0.603356276555826,-0.528420009576204,-0.617874813333395,-0.2214691368263,0.0759460768510638,0.0473098698476722,-0.672094306818974,-0.70621663959074,-0.951315544468085,-0.738594816501343,-0.674226934551517,-0.690446312501126,-0.101042702224631,-0.174277577553958,-0.0513928953203266
"116",23,"SITTING",-0.622761658493734,-0.53749328145871,-0.665033506271952,-0.603356276555826,-0.528420009576204,-0.617874813333395,-0.2214691368263,0.130083858026471,0.0473098698476722,-0.672094306818974,-0.70621663959074,-0.965428833529412,-0.738594816501343,-0.674226934551517,-0.690446312501126,-0.101042702224631,-0.174277577553958,-0.0513928953203266
"117",18,"SITTING",-0.622761658493734,-0.53749328145871,-0.665033506271952,-0.603356276555826,-0.528420009576204,-0.617874813333395,-0.2214691368263,0.171289880184211,0.0473098698476722,-0.672094306818974,-0.70621663959074,-0.983027386491228,-0.738594816501343,-0.674226934551517,-0.690446312501126,-0.101042702224631,-0.174277577553958,-0.0513928953203266
"118",16,"SITTING",-0.622761658493734,-0.53749328145871,-0.665033506271952,-0.603356276555826,-0.528420009576204,-0.617874813333395,-0.2214691368263,0.149987934068116,0.0473098698476722,-0.672094306818974,-0.70621663959074,-0.960058264057971,-0.738594816501343,-0.674226934551517,-0.690446312501126,-0.101042702224631,-0.174277577553958,-0.0513928953203266
"119",17,"SITTING",-0.622761658493734,-0.53749328145871,-0.665033506271952,-0.603356276555826,-0.528420009576204,-0.617874813333395,-0.2214691368263,0.135749049678125,0.0473098698476722,-0.672094306818974,-0.70621663959074,-0.98161709828125,-0.738594816501343,-0.674226934551517,-0.690446312501126,-0.101042702224631,-0.174277577553958,-0.0513928953203266
"120",15,"SITTING",-0.622761658493734,-0.53749328145871,-0.665033506271952,-0.603356276555826,-0.528420009576204,-0.617874813333395,-0.2214691368263,0.0966857195491525,0.0473098698476722,-0.672094306818974,-0.70621663959074,-0.966731518305085,-0.738594816501343,-0.674226934551517,-0.690446312501126,-0.101042702224631,-0.174277577553958,-0.0513928953203266
"121",2,"STANDING",-0.622761658493734,-0.53749328145871,-0.665033506271952,-0.603356276555826,-0.528420009576204,-0.617874813333395,-0.2214691368263,0.0623378066683333,0.0473098698476722,-0.672094306818974,-0.70621663959074,-0.960627696111111,-0.738594816501343,-0.674226934551517,-0.690446312501126,-0.101042702224631,-0.174277577553958,-0.0513928953203266
"122",3,"STANDING",-0.622761658493734,-0.53749328145871,-0.665033506271952,-0.603356276555826,-0.528420009576204,-0.617874813333395,-0.2214691368263,-0.128180130065574,0.0473098698476722,-0.672094306818974,-0.70621663959074,-0.916172537704918,-0.738594816501343,-0.674226934551517,-0.690446312501126,-0.101042702224631,-0.174277577553958,-0.0513928953203266
"123",20,"STANDING",-0.622761658493734,-0.53749328145871,-0.665033506271952,-0.603356276555826,-0.528420009576204,-0.617874813333395,-0.2214691368263,-0.164770675523288,0.0473098698476722,-0.672094306818974,-0.70621663959074,-0.911409911643836,-0.738594816501343,-0.674226934551517,-0.690446312501126,-0.101042702224631,-0.174277577553958,-0.0513928953203266
"124",7,"STANDING",-0.622761658493734,-0.53749328145871,-0.665033506271952,-0.603356276555826,-0.528420009576204,-0.617874813333395,-0.2214691368263,-0.159730059003774,0.0473098698476722,-0.672094306818974,-0.70621663959074,-0.957165056226415,-0.738594816501343,-0.674226934551517,-0.690446312501126,-0.101042702224631,-0.174277577553958,-0.0513928953203266
"125",27,"STANDING",-0.622761658493734,-0.53749328145871,-0.665033506271952,-0.603356276555826,-0.528420009576204,-0.617874813333395,-0.2214691368263,0.06545831223625,0.0473098698476722,-0.672094306818974,-0.70621663959074,-0.980862493125,-0.738594816501343,-0.674226934551517,-0.690446312501126,-0.101042702224631,-0.174277577553958,-0.0513928953203266
"126",30,"STANDING",-0.622761658493734,-0.53749328145871,-0.665033506271952,-0.603356276555826,-0.528420009576204,-0.617874813333395,-0.2214691368263,-0.237859819881356,0.0473098698476722,-0.672094306818974,-0.70621663959074,-0.937798124576271,-0.738594816501343,-0.674226934551517,-0.690446312501126,-0.101042702224631,-0.174277577553958,-0.0513928953203266
"127",4,"STANDING",-0.622761658493734,-0.53749328145871,-0.665033506271952,-0.603356276555826,-0.528420009576204,-0.617874813333395,-0.2214691368263,-0.0669875048642857,0.0473098698476722,-0.672094306818974,-0.70621663959074,-0.915280955357143,-0.738594816501343,-0.674226934551517,-0.690446312501126,-0.101042702224631,-0.174277577553958,-0.0513928953203266
"128",12,"STANDING",-0.622761658493734,-0.53749328145871,-0.665033506271952,-0.603356276555826,-0.528420009576204,-0.617874813333395,-0.2214691368263,-0.0493281733262295,0.0473098698476722,-0.672094306818974,-0.70621663959074,-0.95260195295082,-0.738594816501343,-0.674226934551517,-0.690446312501126,-0.101042702224631,-0.174277577553958,-0.0513928953203266
"129",5,"STANDING",-0.622761658493734,-0.53749328145871,-0.665033506271952,-0.603356276555826,-0.528420009576204,-0.617874813333395,-0.2214691368263,-0.00894413194107143,0.0473098698476722,-0.672094306818974,-0.70621663959074,-0.907190836607143,-0.738594816501343,-0.674226934551517,-0.690446312501126,-0.101042702224631,-0.174277577553958,-0.0513928953203266
"130",19,"STANDING",-0.622761658493734,-0.53749328145871,-0.665033506271952,-0.603356276555826,-0.528420009576204,-0.617874813333395,-0.2214691368263,-0.0362605168315068,0.0473098698476722,-0.672094306818974,-0.70621663959074,-0.965100636164384,-0.738594816501343,-0.674226934551517,-0.690446312501126,-0.101042702224631,-0.174277577553958,-0.0513928953203266
"131",21,"STANDING",-0.622761658493734,-0.53749328145871,-0.665033506271952,-0.603356276555826,-0.528420009576204,-0.617874813333395,-0.2214691368263,0.0366345350988764,0.0473098698476722,-0.672094306818974,-0.70621663959074,-0.959432562359551,-0.738594816501343,-0.674226934551517,-0.690446312501126,-0.101042702224631,-0.174277577553958,-0.0513928953203266
"132",13,"STANDING",-0.622761658493734,-0.53749328145871,-0.665033506271952,-0.603356276555826,-0.528420009576204,-0.617874813333395,-0.2214691368263,-0.0303584248157895,0.0473098698476722,-0.672094306818974,-0.70621663959074,-0.974394378070175,-0.738594816501343,-0.674226934551517,-0.690446312501126,-0.101042702224631,-0.174277577553958,-0.0513928953203266
"133",10,"STANDING",-0.622761658493734,-0.53749328145871,-0.665033506271952,-0.603356276555826,-0.528420009576204,-0.617874813333395,-0.2214691368263,-0.0126234259545455,0.0473098698476722,-0.672094306818974,-0.70621663959074,-0.950915730909091,-0.738594816501343,-0.674226934551517,-0.690446312501126,-0.101042702224631,-0.174277577553958,-0.0513928953203266
"134",8,"STANDING",-0.622761658493734,-0.53749328145871,-0.665033506271952,-0.603356276555826,-0.528420009576204,-0.617874813333395,-0.2214691368263,0.0771842726148148,0.0473098698476722,-0.672094306818974,-0.70621663959074,-0.975512276666667,-0.738594816501343,-0.674226934551517,-0.690446312501126,-0.101042702224631,-0.174277577553958,-0.0513928953203266
"135",11,"STANDING",-0.622761658493734,-0.53749328145871,-0.665033506271952,-0.603356276555826,-0.528420009576204,-0.617874813333395,-0.2214691368263,0.0557408976489362,0.0473098698476722,-0.672094306818974,-0.70621663959074,-0.980762968085106,-0.738594816501343,-0.674226934551517,-0.690446312501126,-0.101042702224631,-0.174277577553958,-0.0513928953203266
"136",9,"STANDING",-0.622761658493734,-0.53749328145871,-0.665033506271952,-0.603356276555826,-0.528420009576204,-0.617874813333395,-0.2214691368263,-0.00378721862222222,0.0473098698476722,-0.672094306818974,-0.70621663959074,-0.941510336,-0.738594816501343,-0.674226934551517,-0.690446312501126,-0.101042702224631,-0.174277577553958,-0.0513928953203266
"137",24,"STANDING",-0.622761658493734,-0.53749328145871,-0.665033506271952,-0.603356276555826,-0.528420009576204,-0.617874813333395,-0.2214691368263,-0.0931357413927536,0.0473098698476722,-0.672094306818974,-0.70621663959074,-0.970133388405797,-0.738594816501343,-0.674226934551517,-0.690446312501126,-0.101042702224631,-0.174277577553958,-0.0513928953203266
"138",22,"STANDING",-0.622761658493734,-0.53749328145871,-0.665033506271952,-0.603356276555826,-0.528420009576204,-0.617874813333395,-0.2214691368263,-0.122387998604286,0.0473098698476722,-0.672094306818974,-0.70621663959074,-0.962327765238095,-0.738594816501343,-0.674226934551517,-0.690446312501126,-0.101042702224631,-0.174277577553958,-0.0513928953203266
"139",18,"STANDING",-0.622761658493734,-0.53749328145871,-0.665033506271952,-0.603356276555826,-0.528420009576204,-0.617874813333395,-0.2214691368263,-0.0437104539219178,0.0473098698476722,-0.672094306818974,-0.70621663959074,-0.974294413013699,-0.738594816501343,-0.674226934551517,-0.690446312501126,-0.101042702224631,-0.174277577553958,-0.0513928953203266
"140",28,"STANDING",-0.622761658493734,-0.53749328145871,-0.665033506271952,-0.603356276555826,-0.528420009576204,-0.617874813333395,-0.2214691368263,-0.135430639068354,0.0473098698476722,-0.672094306818974,-0.70621663959074,-0.926655192405063,-0.738594816501343,-0.674226934551517,-0.690446312501126,-0.101042702224631,-0.174277577553958,-0.0513928953203266
"141",6,"STANDING",-0.622761658493734,-0.53749328145871,-0.665033506271952,-0.603356276555826,-0.528420009576204,-0.617874813333395,-0.2214691368263,-0.0866319977508772,0.0473098698476722,-0.672094306818974,-0.70621663959074,-0.943239602105263,-0.738594816501343,-0.674226934551517,-0.690446312501126,-0.101042702224631,-0.174277577553958,-0.0513928953203266
"142",17,"STANDING",-0.622761658493734,-0.53749328145871,-0.665033506271952,-0.603356276555826,-0.528420009576204,-0.617874813333395,-0.2214691368263,0.0455207736730769,0.0473098698476722,-0.672094306818974,-0.70621663959074,-0.985954978205128,-0.738594816501343,-0.674226934551517,-0.690446312501126,-0.101042702224631,-0.174277577553958,-0.0513928953203266
"143",16,"STANDING",-0.622761658493734,-0.53749328145871,-0.665033506271952,-0.603356276555826,-0.528420009576204,-0.617874813333395,-0.2214691368263,0.0673569419466667,0.0473098698476722,-0.672094306818974,-0.70621663959074,-0.98363927,-0.738594816501343,-0.674226934551517,-0.690446312501126,-0.101042702224631,-0.174277577553958,-0.0513928953203266
"144",14,"STANDING",-0.622761658493734,-0.53749328145871,-0.665033506271952,-0.603356276555826,-0.528420009576204,-0.617874813333395,-0.2214691368263,-0.138431166621667,0.0473098698476722,-0.672094306818974,-0.70621663959074,-0.950999877833333,-0.738594816501343,-0.674226934551517,-0.690446312501126,-0.101042702224631,-0.174277577553958,-0.0513928953203266
"145",23,"STANDING",-0.622761658493734,-0.53749328145871,-0.665033506271952,-0.603356276555826,-0.528420009576204,-0.617874813333395,-0.2214691368263,0.00252026687779412,0.0473098698476722,-0.672094306818974,-0.70621663959074,-0.967939565,-0.738594816501343,-0.674226934551517,-0.690446312501126,-0.101042702224631,-0.174277577553958,-0.0513928953203266
"146",15,"STANDING",-0.622761658493734,-0.53749328145871,-0.665033506271952,-0.603356276555826,-0.528420009576204,-0.617874813333395,-0.2214691368263,-0.0344990030962264,0.0473098698476722,-0.672094306818974,-0.70621663959074,-0.96826485509434,-0.738594816501343,-0.674226934551517,-0.690446312501126,-0.101042702224631,-0.174277577553958,-0.0513928953203266
"147",29,"STANDING",-0.622761658493734,-0.53749328145871,-0.665033506271952,-0.603356276555826,-0.528420009576204,-0.617874813333395,-0.2214691368263,0.00473420032492308,0.0473098698476722,-0.672094306818974,-0.70621663959074,-0.983654714461538,-0.738594816501343,-0.674226934551517,-0.690446312501126,-0.101042702224631,-0.174277577553958,-0.0513928953203266
"148",26,"STANDING",-0.622761658493734,-0.53749328145871,-0.665033506271952,-0.603356276555826,-0.528420009576204,-0.617874813333395,-0.2214691368263,0.00216184868918919,0.0473098698476722,-0.672094306818974,-0.70621663959074,-0.974459323783784,-0.738594816501343,-0.674226934551517,-0.690446312501126,-0.101042702224631,-0.174277577553958,-0.0513928953203266
"149",25,"STANDING",-0.622761658493734,-0.53749328145871,-0.665033506271952,-0.603356276555826,-0.528420009576204,-0.617874813333395,-0.2214691368263,0.0009277035,0.0473098698476722,-0.672094306818974,-0.70621663959074,-0.970456862567568,-0.738594816501343,-0.674226934551517,-0.690446312501126,-0.101042702224631,-0.174277577553958,-0.0513928953203266
"150",1,"STANDING",-0.622761658493734,-0.53749328145871,-0.665033506271952,-0.603356276555826,-0.528420009576204,-0.617874813333395,-0.2214691368263,0.117478948718868,0.0473098698476722,-0.672094306818974,-0.70621663959074,-0.980773122830189,-0.738594816501343,-0.674226934551517,-0.690446312501126,-0.101042702224631,-0.174277577553958,-0.0513928953203266
"151",30,"LAYING",-0.622761658493734,-0.53749328145871,-0.665033506271952,-0.603356276555826,-0.528420009576204,-0.617874813333395,-0.2214691368263,0.0705691086571429,0.0473098698476722,-0.672094306818974,-0.70621663959074,-0.967577361142857,-0.738594816501343,-0.674226934551517,-0.690446312501126,-0.101042702224631,-0.174277577553958,-0.0513928953203266
"152",27,"LAYING",-0.622761658493734,-0.53749328145871,-0.665033506271952,-0.603356276555826,-0.528420009576204,-0.617874813333395,-0.2214691368263,0.254636552121622,0.0473098698476722,-0.672094306818974,-0.70621663959074,-0.979202019189189,-0.738594816501343,-0.674226934551517,-0.690446312501126,-0.101042702224631,-0.174277577553958,-0.0513928953203266
"153",14,"LAYING",-0.622761658493734,-0.53749328145871,-0.665033506271952,-0.603356276555826,-0.528420009576204,-0.617874813333395,-0.2214691368263,-0.149752054909804,0.0473098698476722,-0.672094306818974,-0.70621663959074,-0.949107162941176,-0.738594816501343,-0.674226934551517,-0.690446312501126,-0.101042702224631,-0.174277577553958,-0.0513928953203266
"154",28,"LAYING",-0.622761658493734,-0.53749328145871,-0.665033506271952,-0.603356276555826,-0.528420009576204,-0.617874813333395,-0.2214691368263,-0.07483910088875,0.0473098698476722,-0.672094306818974,-0.70621663959074,-0.961164844875,-0.738594816501343,-0.674226934551517,-0.690446312501126,-0.101042702224631,-0.174277577553958,-0.0513928953203266
"155",6,"LAYING",-0.622761658493734,-0.53749328145871,-0.665033506271952,-0.603356276555826,-0.528420009576204,-0.617874813333395,-0.2214691368263,0.348418746140351,0.0473098698476722,-0.672094306818974,-0.70621663959074,-0.932636612807018,-0.738594816501343,-0.674226934551517,-0.690446312501126,-0.101042702224631,-0.174277577553958,-0.0513928953203266
"156",13,"LAYING",-0.622761658493734,-0.53749328145871,-0.665033506271952,-0.603356276555826,-0.528420009576204,-0.617874813333395,-0.2214691368263,0.0363424960967742,0.0473098698476722,-0.672094306818974,-0.70621663959074,-0.969126880322581,-0.738594816501343,-0.674226934551517,-0.690446312501126,-0.101042702224631,-0.174277577553958,-0.0513928953203266
"157",26,"LAYING",-0.622761658493734,-0.53749328145871,-0.665033506271952,-0.603356276555826,-0.528420009576204,-0.617874813333395,-0.2214691368263,0.274378315092105,0.0473098698476722,-0.672094306818974,-0.70621663959074,-0.970171219605263,-0.738594816501343,-0.674226934551517,-0.690446312501126,-0.101042702224631,-0.174277577553958,-0.0513928953203266
"158",29,"LAYING",-0.622761658493734,-0.53749328145871,-0.665033506271952,-0.603356276555826,-0.528420009576204,-0.617874813333395,-0.2214691368263,0.328259354627536,0.0473098698476722,-0.672094306818974,-0.70621663959074,-0.976184322608696,-0.738594816501343,-0.674226934551517,-0.690446312501126,-0.101042702224631,-0.174277577553958,-0.0513928953203266
"159",20,"LAYING",-0.622761658493734,-0.53749328145871,-0.665033506271952,-0.603356276555826,-0.528420009576204,-0.617874813333395,-0.2214691368263,0.274452420529412,0.0473098698476722,-0.672094306818974,-0.70621663959074,-0.972278603529412,-0.738594816501343,-0.674226934551517,-0.690446312501126,-0.101042702224631,-0.174277577553958,-0.0513928953203266
"160",12,"LAYING",-0.622761658493734,-0.53749328145871,-0.665033506271952,-0.603356276555826,-0.528420009576204,-0.617874813333395,-0.2214691368263,0.19137270056,0.0473098698476722,-0.672094306818974,-0.70621663959074,-0.9456732415,-0.738594816501343,-0.674226934551517,-0.690446312501126,-0.101042702224631,-0.174277577553958,-0.0513928953203266
"161",11,"LAYING",-0.622761658493734,-0.53749328145871,-0.665033506271952,-0.603356276555826,-0.528420009576204,-0.617874813333395,-0.2214691368263,0.251945472245614,0.0473098698476722,-0.672094306818974,-0.70621663959074,-0.961434420701754,-0.738594816501343,-0.674226934551517,-0.690446312501126,-0.101042702224631,-0.174277577553958,-0.0513928953203266
"162",3,"LAYING",-0.622761658493734,-0.53749328145871,-0.665033506271952,-0.603356276555826,-0.528420009576204,-0.617874813333395,-0.2214691368263,0.238470751435484,0.0473098698476722,-0.672094306818974,-0.70621663959074,-0.962341960806452,-0.738594816501343,-0.674226934551517,-0.690446312501126,-0.101042702224631,-0.174277577553958,-0.0513928953203266
"163",7,"LAYING",-0.622761658493734,-0.53749328145871,-0.665033506271952,-0.603356276555826,-0.528420009576204,-0.617874813333395,-0.2214691368263,-0.0438292665807692,0.0473098698476722,-0.672094306818974,-0.70621663959074,-0.956905310961538,-0.738594816501343,-0.674226934551517,-0.690446312501126,-0.101042702224631,-0.174277577553958,-0.0513928953203266
"164",10,"LAYING",-0.622761658493734,-0.53749328145871,-0.665033506271952,-0.603356276555826,-0.528420009576204,-0.617874813333395,-0.2214691368263,0.200554088396552,0.0473098698476722,-0.672094306818974,-0.70621663959074,-0.969755777241379,-0.738594816501343,-0.674226934551517,-0.690446312501126,-0.101042702224631,-0.174277577553958,-0.0513928953203266
"165",8,"LAYING",-0.622761658493734,-0.53749328145871,-0.665033506271952,-0.603356276555826,-0.528420009576204,-0.617874813333395,-0.2214691368263,0.00539754357407408,0.0473098698476722,-0.672094306818974,-0.70621663959074,-0.967461239074074,-0.738594816501343,-0.674226934551517,-0.690446312501126,-0.101042702224631,-0.174277577553958,-0.0513928953203266
"166",21,"LAYING",-0.622761658493734,-0.53749328145871,-0.665033506271952,-0.603356276555826,-0.528420009576204,-0.617874813333395,-0.2214691368263,0.0857486930922889,0.0473098698476722,-0.672094306818974,-0.70621663959074,-0.980811216111111,-0.738594816501343,-0.674226934551517,-0.690446312501126,-0.101042702224631,-0.174277577553958,-0.0513928953203266
"167",4,"LAYING",-0.622761658493734,-0.53749328145871,-0.665033506271952,-0.603356276555826,-0.528420009576204,-0.617874813333395,-0.2214691368263,0.366231448994444,0.0473098698476722,-0.672094306818974,-0.70621663959074,-0.961479262592593,-0.738594816501343,-0.674226934551517,-0.690446312501126,-0.101042702224631,-0.174277577553958,-0.0513928953203266
"168",18,"LAYING",-0.622761658493734,-0.53749328145871,-0.665033506271952,-0.603356276555826,-0.528420009576204,-0.617874813333395,-0.2214691368263,0.264460073876923,0.0473098698476722,-0.672094306818974,-0.70621663959074,-0.984999291538462,-0.738594816501343,-0.674226934551517,-0.690446312501126,-0.101042702224631,-0.174277577553958,-0.0513928953203266
"169",5,"LAYING",-0.622761658493734,-0.53749328145871,-0.665033506271952,-0.603356276555826,-0.528420009576204,-0.617874813333395,-0.2214691368263,0.466528231788462,0.0473098698476722,-0.672094306818974,-0.70621663959074,-0.963202948461538,-0.738594816501343,-0.674226934551517,-0.690446312501126,-0.101042702224631,-0.174277577553958,-0.0513928953203266
"170",22,"LAYING",-0.622761658493734,-0.53749328145871,-0.665033506271952,-0.603356276555826,-0.528420009576204,-0.617874813333395,-0.2214691368263,0.0878775831008333,0.0473098698476722,-0.672094306818974,-0.70621663959074,-0.942570240416667,-0.738594816501343,-0.674226934551517,-0.690446312501126,-0.101042702224631,-0.174277577553958,-0.0513928953203266
"171",9,"LAYING",-0.622761658493734,-0.53749328145871,-0.665033506271952,-0.603356276555826,-0.528420009576204,-0.617874813333395,-0.2214691368263,-0.215336752654,0.0473098698476722,-0.672094306818974,-0.70621663959074,-0.9598150092,-0.738594816501343,-0.674226934551517,-0.690446312501126,-0.101042702224631,-0.174277577553958,-0.0513928953203266
"172",25,"LAYING",-0.622761658493734,-0.53749328145871,-0.665033506271952,-0.603356276555826,-0.528420009576204,-0.617874813333395,-0.2214691368263,-0.0800093983775342,0.0473098698476722,-0.672094306818974,-0.70621663959074,-0.924536860547945,-0.738594816501343,-0.674226934551517,-0.690446312501126,-0.101042702224631,-0.174277577553958,-0.0513928953203266
"173",19,"LAYING",-0.622761658493734,-0.53749328145871,-0.665033506271952,-0.603356276555826,-0.528420009576204,-0.617874813333395,-0.2214691368263,0.292492930166145,0.0473098698476722,-0.672094306818974,-0.70621663959074,-0.97393233253012,-0.738594816501343,-0.674226934551517,-0.690446312501126,-0.101042702224631,-0.174277577553958,-0.0513928953203266
"174",23,"LAYING",-0.622761658493734,-0.53749328145871,-0.665033506271952,-0.603356276555826,-0.528420009576204,-0.617874813333395,-0.2214691368263,0.0637688819034028,0.0473098698476722,-0.672094306818974,-0.70621663959074,-0.984238807777778,-0.738594816501343,-0.674226934551517,-0.690446312501126,-0.101042702224631,-0.174277577553958,-0.0513928953203266
"175",24,"LAYING",-0.622761658493734,-0.53749328145871,-0.665033506271952,-0.603356276555826,-0.528420009576204,-0.617874813333395,-0.2214691368263,0.2808890233625,0.0473098698476722,-0.672094306818974,-0.70621663959074,-0.981093036111111,-0.738594816501343,-0.674226934551517,-0.690446312501126,-0.101042702224631,-0.174277577553958,-0.0513928953203266
"176",16,"LAYING",-0.622761658493734,-0.53749328145871,-0.665033506271952,-0.603356276555826,-0.528420009576204,-0.617874813333395,-0.2214691368263,-0.1830181401,0.0473098698476722,-0.672094306818974,-0.70621663959074,-0.985957788,-0.738594816501343,-0.674226934551517,-0.690446312501126,-0.101042702224631,-0.174277577553958,-0.0513928953203266
"177",1,"LAYING",-0.622761658493734,-0.53749328145871,-0.665033506271952,-0.603356276555826,-0.528420009576204,-0.617874813333395,-0.2214691368263,0.097534841586,0.0473098698476722,-0.672094306818974,-0.70621663959074,-0.909302721,-0.738594816501343,-0.674226934551517,-0.690446312501126,-0.101042702224631,-0.174277577553958,-0.0513928953203266
"178",15,"LAYING",-0.622761658493734,-0.53749328145871,-0.665033506271952,-0.603356276555826,-0.528420009576204,-0.617874813333395,-0.2214691368263,0.240597438814583,0.0473098698476722,-0.672094306818974,-0.70621663959074,-0.958190099861111,-0.738594816501343,-0.674226934551517,-0.690446312501126,-0.101042702224631,-0.174277577553958,-0.0513928953203266
"179",2,"LAYING",-0.622761658493734,-0.53749328145871,-0.665033506271952,-0.603356276555826,-0.528420009576204,-0.617874813333395,-0.2214691368263,0.2572894655,0.0473098698476722,-0.672094306818974,-0.70621663959074,-0.9626718875,-0.738594816501343,-0.674226934551517,-0.690446312501126,-0.101042702224631,-0.174277577553958,-0.0513928953203266
"180",17,"LAYING",-0.622761658493734,-0.53749328145871,-0.665033506271952,-0.603356276555826,-0.528420009576204,-0.617874813333395,-0.2214691368263,0.0546075608732394,0.0473098698476722,-0.672094306818974,-0.70621663959074,-0.976164852112676,-0.738594816501343,-0.674226934551517,-0.690446312501126,-0.101042702224631,-0.174277577553958,-0.0513928953203266
