"","subject","activity","mean_tbodyacc_minus_mean_minus_x","mean_tbodyacc_minus_mean_minus_y","mean_tbodyacc_minus_mean_minus_z","mean_tbodyacc_minus_std_minus_x","mean_tbodyacc_minus_std_minus_y","mean_tbodyacc_minus_std_minus_z","mean_tbodygyro_minus_mean_minus_x","mean_tbodygyro_minus_mean_minus_y","mean_tbodygyro_minus_mean_minus_z","mean_tbodygyro_minus_std_minus_x","mean_tbodygyro_minus_std_minus_y","mean_tbodygyro_minus_std_minus_z"
"1",7,"WALKING",0.274347260646063,-0.0177434918458972,-0.108925032737064,-0.607783818968688,-0.510191378479501,-0.61306429934125,-0.0309824871713436,-0.0747194855994359,0.0641104602035088,-0.721192598029789,-0.682653506899942,-0.653665674372188
"2",21,"WALKING",0.274347260646063,-0.0177434918458972,-0.108925032737064,-0.607783818968688,-0.510191378479501,-0.61306429934125,-0.0309824871713436,-0.0747194855994359,0.0983715930038462,-0.721192598029789,-0.682653506899942,-0.653665674372188
"3",18,"WALKING",0.274347260646063,-0.0177434918458972,-0.108925032737064,-0.607783818968688,-0.510191378479501,-0.61306429934125,-0.0309824871713436,-0.0747194855994359,0.0944718394625,-0.721192598029789,-0.682653506899942,-0.653665674372188
"4",11,"WALKING",0.274347260646063,-0.0177434918458972,-0.108925032737064,-0.607783818968688,-0.510191378479501,-0.61306429934125,-0.0309824871713436,-0.0747194855994359,0.0843744495507542,-0.721192598029789,-0.682653506899942,-0.653665674372188
"5",20,"WALKING",0.274347260646063,-0.0177434918458972,-0.108925032737064,-0.607783818968688,-0.510191378479501,-0.61306429934125,-0.0309824871713436,-0.0747194855994359,0.0851359929294118,-0.721192598029789,-0.682653506899942,-0.653665674372188
"6",22,"WALKING",0.274347260646063,-0.0177434918458972,-0.108925032737064,-0.607783818968688,-0.510191378479501,-0.61306429934125,-0.0309824871713436,-0.0747194855994359,0.0775266594847826,-0.721192598029789,-0.682653506899942,-0.653665674372188
"7",26,"WALKING",0.274347260646063,-0.0177434918458972,-0.108925032737064,-0.607783818968688,-0.510191378479501,-0.61306429934125,-0.0309824871713436,-0.0747194855994359,0.0851069247830508,-0.721192598029789,-0.682653506899942,-0.653665674372188
"8",6,"WALKING",0.274347260646063,-0.0177434918458972,-0.108925032737064,-0.607783818968688,-0.510191378479501,-0.61306429934125,-0.0309824871713436,-0.0747194855994359,0.0838808799280702,-0.721192598029789,-0.682653506899942,-0.653665674372188
"9",19,"WALKING",0.274347260646063,-0.0177434918458972,-0.108925032737064,-0.607783818968688,-0.510191378479501,-0.61306429934125,-0.0309824871713436,-0.0747194855994359,0.0798106981923077,-0.721192598029789,-0.682653506899942,-0.653665674372188
"10",14,"WALKING",0.274347260646063,-0.0177434918458972,-0.108925032737064,-0.607783818968688,-0.510191378479501,-0.61306429934125,-0.0309824871713436,-0.0747194855994359,0.0513222717627119,-0.721192598029789,-0.682653506899942,-0.653665674372188
"11",29,"WALKING",0.274347260646063,-0.0177434918458972,-0.108925032737064,-0.607783818968688,-0.510191378479501,-0.61306429934125,-0.0309824871713436,-0.0747194855994359,0.0856852236188679,-0.721192598029789,-0.682653506899942,-0.653665674372188
"12",27,"WALKING",0.274347260646063,-0.0177434918458972,-0.108925032737064,-0.607783818968688,-0.510191378479501,-0.61306429934125,-0.0309824871713436,-0.0747194855994359,0.118267750196491,-0.721192598029789,-0.682653506899942,-0.653665674372188
"13",4,"WALKING",0.274347260646063,-0.0177434918458972,-0.108925032737064,-0.607783818968688,-0.510191378479501,-0.61306429934125,-0.0309824871713436,-0.0747194855994359,0.0805677161216667,-0.721192598029789,-0.682653506899942,-0.653665674372188
"14",3,"WALKING",0.274347260646063,-0.0177434918458972,-0.108925032737064,-0.607783818968688,-0.510191378479501,-0.61306429934125,-0.0309824871713436,-0.0747194855994359,0.0813485942827586,-0.721192598029789,-0.682653506899942,-0.653665674372188
"15",30,"WALKING",0.274347260646063,-0.0177434918458972,-0.108925032737064,-0.607783818968688,-0.510191378479501,-0.61306429934125,-0.0309824871713436,-0.0747194855994359,0.0839568239261538,-0.721192598029789,-0.682653506899942,-0.653665674372188
"16",13,"WALKING",0.274347260646063,-0.0177434918458972,-0.108925032737064,-0.607783818968688,-0.510191378479501,-0.61306429934125,-0.0309824871713436,-0.0747194855994359,0.0784205641252632,-0.721192598029789,-0.682653506899942,-0.653665674372188
"17",9,"WALKING",0.274347260646063,-0.0177434918458972,-0.108925032737064,-0.607783818968688,-0.510191378479501,-0.61306429934125,-0.0309824871713436,-0.0747194855994359,0.111629779896154,-0.721192598029789,-0.682653506899942,-0.653665674372188
"18",12,"WALKING",0.274347260646063,-0.0177434918458972,-0.108925032737064,-0.607783818968688,-0.510191378479501,-0.61306429934125,-0.0309824871713436,-0.0747194855994359,0.0999739123004,-0.721192598029789,-0.682653506899942,-0.653665674372188
"19",1,"WALKING",0.274347260646063,-0.0177434918458972,-0.108925032737064,-0.607783818968688,-0.510191378479501,-0.61306429934125,-0.0309824871713436,-0.0747194855994359,0.0849448173042105,-0.721192598029789,-0.682653506899942,-0.653665674372188
"20",8,"WALKING",0.274347260646063,-0.0177434918458972,-0.108925032737064,-0.607783818968688,-0.510191378479501,-0.61306429934125,-0.0309824871713436,-0.0747194855994359,0.0509657915395833,-0.721192598029789,-0.682653506899942,-0.653665674372188
"21",23,"WALKING",0.274347260646063,-0.0177434918458972,-0.108925032737064,-0.607783818968688,-0.510191378479501,-0.61306429934125,-0.0309824871713436,-0.0747194855994359,0.10770045065339,-0.721192598029789,-0.682653506899942,-0.653665674372188
"22",25,"WALKING",0.274347260646063,-0.0177434918458972,-0.108925032737064,-0.607783818968688,-0.510191378479501,-0.61306429934125,-0.0309824871713436,-0.0747194855994359,0.0867868736891892,-0.721192598029789,-0.682653506899942,-0.653665674372188
"23",5,"WALKING",0.274347260646063,-0.0177434918458972,-0.108925032737064,-0.607783818968688,-0.510191378479501,-0.61306429934125,-0.0309824871713436,-0.0747194855994359,0.0815435495892857,-0.721192598029789,-0.682653506899942,-0.653665674372188
"24",28,"WALKING",0.274347260646063,-0.0177434918458972,-0.108925032737064,-0.607783818968688,-0.510191378479501,-0.61306429934125,-0.0309824871713436,-0.0747194855994359,0.116065910925926,-0.721192598029789,-0.682653506899942,-0.653665674372188
"25",10,"WALKING",0.274347260646063,-0.0177434918458972,-0.108925032737064,-0.607783818968688,-0.510191378479501,-0.61306429934125,-0.0309824871713436,-0.0747194855994359,0.0986695731160377,-0.721192598029789,-0.682653506899942,-0.653665674372188
"26",24,"WALKING",0.274347260646063,-0.0177434918458972,-0.108925032737064,-0.607783818968688,-0.510191378479501,-0.61306429934125,-0.0309824871713436,-0.0747194855994359,0.0972006320344828,-0.721192598029789,-0.682653506899942,-0.653665674372188
"27",15,"WALKING",0.274347260646063,-0.0177434918458972,-0.108925032737064,-0.607783818968688,-0.510191378479501,-0.61306429934125,-0.0309824871713436,-0.0747194855994359,0.0842484921022222,-0.721192598029789,-0.682653506899942,-0.653665674372188
"28",16,"WALKING",0.274347260646063,-0.0177434918458972,-0.108925032737064,-0.607783818968688,-0.510191378479501,-0.61306429934125,-0.0309824871713436,-0.0747194855994359,0.0818650735686274,-0.721192598029789,-0.682653506899942,-0.653665674372188
"29",2,"WALKING",0.274347260646063,-0.0177434918458972,-0.108925032737064,-0.607783818968688,-0.510191378479501,-0.61306429934125,-0.0309824871713436,-0.0747194855994359,0.0828336633220339,-0.721192598029789,-0.682653506899942,-0.653665674372188
"30",17,"WALKING",0.274347260646063,-0.0177434918458972,-0.108925032737064,-0.607783818968688,-0.510191378479501,-0.61306429934125,-0.0309824871713436,-0.0747194855994359,0.0757132656704918,-0.721192598029789,-0.682653506899942,-0.653665674372188
"31",3,"WALKING_UPSTAIRS",0.274347260646063,-0.0177434918458972,-0.108925032737064,-0.607783818968688,-0.510191378479501,-0.61306429934125,-0.0309824871713436,-0.0747194855994359,0.0215603697,-0.721192598029789,-0.682653506899942,-0.653665674372188
"32",1,"WALKING_UPSTAIRS",0.274347260646063,-0.0177434918458972,-0.108925032737064,-0.607783818968688,-0.510191378479501,-0.61306429934125,-0.0309824871713436,-0.0747194855994359,0.0583595463981132,-0.721192598029789,-0.682653506899942,-0.653665674372188
"33",21,"WALKING_UPSTAIRS",0.274347260646063,-0.0177434918458972,-0.108925032737064,-0.607783818968688,-0.510191378479501,-0.61306429934125,-0.0309824871713436,-0.0747194855994359,-0.00546829763829787,-0.721192598029789,-0.682653506899942,-0.653665674372188
"34",23,"WALKING_UPSTAIRS",0.274347260646063,-0.0177434918458972,-0.108925032737064,-0.607783818968688,-0.510191378479501,-0.61306429934125,-0.0309824871713436,-0.0747194855994359,-0.0325557522333333,-0.721192598029789,-0.682653506899942,-0.653665674372188
"35",13,"WALKING_UPSTAIRS",0.274347260646063,-0.0177434918458972,-0.108925032737064,-0.607783818968688,-0.510191378479501,-0.61306429934125,-0.0309824871713436,-0.0747194855994359,0.116679563256364,-0.721192598029789,-0.682653506899942,-0.653665674372188
"36",20,"WALKING_UPSTAIRS",0.274347260646063,-0.0177434918458972,-0.108925032737064,-0.607783818968688,-0.510191378479501,-0.61306429934125,-0.0309824871713436,-0.0747194855994359,0.058701941845098,-0.721192598029789,-0.682653506899942,-0.653665674372188
"37",22,"WALKING_UPSTAIRS",0.274347260646063,-0.0177434918458972,-0.108925032737064,-0.607783818968688,-0.510191378479501,-0.61306429934125,-0.0309824871713436,-0.0747194855994359,0.0157359244619048,-0.721192598029789,-0.682653506899942,-0.653665674372188
"38",4,"WALKING_UPSTAIRS",0.274347260646063,-0.0177434918458972,-0.108925032737064,-0.607783818968688,-0.510191378479501,-0.61306429934125,-0.0309824871713436,-0.0747194855994359,0.0843753843384615,-0.721192598029789,-0.682653506899942,-0.653665674372188
"39",12,"WALKING_UPSTAIRS",0.274347260646063,-0.0177434918458972,-0.108925032737064,-0.607783818968688,-0.510191378479501,-0.61306429934125,-0.0309824871713436,-0.0747194855994359,0.0898022757730769,-0.721192598029789,-0.682653506899942,-0.653665674372188
"40",9,"WALKING_UPSTAIRS",0.274347260646063,-0.0177434918458972,-0.108925032737064,-0.607783818968688,-0.510191378479501,-0.61306429934125,-0.0309824871713436,-0.0747194855994359,0.14569462592449,-0.721192598029789,-0.682653506899942,-0.653665674372188
"41",7,"WALKING_UPSTAIRS",0.274347260646063,-0.0177434918458972,-0.108925032737064,-0.607783818968688,-0.510191378479501,-0.61306429934125,-0.0309824871713436,-0.0747194855994359,0.139217071509804,-0.721192598029789,-0.682653506899942,-0.653665674372188
"42",11,"WALKING_UPSTAIRS",0.274347260646063,-0.0177434918458972,-0.108925032737064,-0.607783818968688,-0.510191378479501,-0.61306429934125,-0.0309824871713436,-0.0747194855994359,0.0638054379968518,-0.721192598029789,-0.682653506899942,-0.653665674372188
"43",2,"WALKING_UPSTAIRS",0.274347260646063,-0.0177434918458972,-0.108925032737064,-0.607783818968688,-0.510191378479501,-0.61306429934125,-0.0309824871713436,-0.0747194855994359,0.0688374021666667,-0.721192598029789,-0.682653506899942,-0.653665674372188
"44",6,"WALKING_UPSTAIRS",0.274347260646063,-0.0177434918458972,-0.108925032737064,-0.607783818968688,-0.510191378479501,-0.61306429934125,-0.0309824871713436,-0.0747194855994359,0.0664234025976471,-0.721192598029789,-0.682653506899942,-0.653665674372188
"45",25,"WALKING_UPSTAIRS",0.274347260646063,-0.0177434918458972,-0.108925032737064,-0.607783818968688,-0.510191378479501,-0.61306429934125,-0.0309824871713436,-0.0747194855994359,0.0996227385527692,-0.721192598029789,-0.682653506899942,-0.653665674372188
"46",5,"WALKING_UPSTAIRS",0.274347260646063,-0.0177434918458972,-0.108925032737064,-0.607783818968688,-0.510191378479501,-0.61306429934125,-0.0309824871713436,-0.0747194855994359,0.0424442819489362,-0.721192598029789,-0.682653506899942,-0.653665674372188
"47",18,"WALKING_UPSTAIRS",0.274347260646063,-0.0177434918458972,-0.108925032737064,-0.607783818968688,-0.510191378479501,-0.61306429934125,-0.0309824871713436,-0.0747194855994359,0.0906736478431034,-0.721192598029789,-0.682653506899942,-0.653665674372188
"48",15,"WALKING_UPSTAIRS",0.274347260646063,-0.0177434918458972,-0.108925032737064,-0.607783818968688,-0.510191378479501,-0.61306429934125,-0.0309824871713436,-0.0747194855994359,0.0911681484547917,-0.721192598029789,-0.682653506899942,-0.653665674372188
"49",26,"WALKING_UPSTAIRS",0.274347260646063,-0.0177434918458972,-0.108925032737064,-0.607783818968688,-0.510191378479501,-0.61306429934125,-0.0309824871713436,-0.0747194855994359,0.0721458973490909,-0.721192598029789,-0.682653506899942,-0.653665674372188
"50",8,"WALKING_UPSTAIRS",0.274347260646063,-0.0177434918458972,-0.108925032737064,-0.607783818968688,-0.510191378479501,-0.61306429934125,-0.0309824871713436,-0.0747194855994359,-0.0724546025804878,-0.721192598029789,-0.682653506899942,-0.653665674372188
"51",27,"WALKING_UPSTAIRS",0.274347260646063,-0.0177434918458972,-0.108925032737064,-0.607783818968688,-0.510191378479501,-0.61306429934125,-0.0309824871713436,-0.0747194855994359,0.140129855776471,-0.721192598029789,-0.682653506899942,-0.653665674372188
"52",14,"WALKING_UPSTAIRS",0.274347260646063,-0.0177434918458972,-0.108925032737064,-0.607783818968688,-0.510191378479501,-0.61306429934125,-0.0309824871713436,-0.0747194855994359,-0.0441381886666667,-0.721192598029789,-0.682653506899942,-0.653665674372188
"53",16,"WALKING_UPSTAIRS",0.274347260646063,-0.0177434918458972,-0.108925032737064,-0.607783818968688,-0.510191378479501,-0.61306429934125,-0.0309824871713436,-0.0747194855994359,-0.00779288021764706,-0.721192598029789,-0.682653506899942,-0.653665674372188
"54",28,"WALKING_UPSTAIRS",0.274347260646063,-0.0177434918458972,-0.108925032737064,-0.607783818968688,-0.510191378479501,-0.61306429934125,-0.0309824871713436,-0.0747194855994359,0.103720987705882,-0.721192598029789,-0.682653506899942,-0.653665674372188
"55",24,"WALKING_UPSTAIRS",0.274347260646063,-0.0177434918458972,-0.108925032737064,-0.607783818968688,-0.510191378479501,-0.61306429934125,-0.0309824871713436,-0.0747194855994359,0.0248290702830508,-0.721192598029789,-0.682653506899942,-0.653665674372188
"56",17,"WALKING_UPSTAIRS",0.274347260646063,-0.0177434918458972,-0.108925032737064,-0.607783818968688,-0.510191378479501,-0.61306429934125,-0.0309824871713436,-0.0747194855994359,0.0560931358145833,-0.721192598029789,-0.682653506899942,-0.653665674372188
"57",29,"WALKING_UPSTAIRS",0.274347260646063,-0.0177434918458972,-0.108925032737064,-0.607783818968688,-0.510191378479501,-0.61306429934125,-0.0309824871713436,-0.0747194855994359,0.0854318123467347,-0.721192598029789,-0.682653506899942,-0.653665674372188
"58",10,"WALKING_UPSTAIRS",0.274347260646063,-0.0177434918458972,-0.108925032737064,-0.607783818968688,-0.510191378479501,-0.61306429934125,-0.0309824871713436,-0.0747194855994359,0.0879664182957447,-0.721192598029789,-0.682653506899942,-0.653665674372188
"59",19,"WALKING_UPSTAIRS",0.274347260646063,-0.0177434918458972,-0.108925032737064,-0.607783818968688,-0.510191378479501,-0.61306429934125,-0.0309824871713436,-0.0747194855994359,-0.000233248224999999,-0.721192598029789,-0.682653506899942,-0.653665674372188
"60",30,"WALKING_UPSTAIRS",0.274347260646063,-0.0177434918458972,-0.108925032737064,-0.607783818968688,-0.510191378479501,-0.61306429934125,-0.0309824871713436,-0.0747194855994359,0.0814699303289231,-0.721192598029789,-0.682653506899942,-0.653665674372188
"61",3,"WALKING_DOWNSTAIRS",0.274347260646063,-0.0177434918458972,-0.108925032737064,-0.607783818968688,-0.510191378479501,-0.61306429934125,-0.0309824871713436,-0.0747194855994359,0.123826738353061,-0.721192598029789,-0.682653506899942,-0.653665674372188
"62",13,"WALKING_DOWNSTAIRS",0.274347260646063,-0.0177434918458972,-0.108925032737064,-0.607783818968688,-0.510191378479501,-0.61306429934125,-0.0309824871713436,-0.0747194855994359,0.111284239655957,-0.721192598029789,-0.682653506899942,-0.653665674372188
"63",7,"WALKING_DOWNSTAIRS",0.274347260646063,-0.0177434918458972,-0.108925032737064,-0.607783818968688,-0.510191378479501,-0.61306429934125,-0.0309824871713436,-0.0747194855994359,0.116894769042766,-0.721192598029789,-0.682653506899942,-0.653665674372188
"64",14,"WALKING_DOWNSTAIRS",0.274347260646063,-0.0177434918458972,-0.108925032737064,-0.607783818968688,-0.510191378479501,-0.61306429934125,-0.0309824871713436,-0.0747194855994359,0.0353344537555556,-0.721192598029789,-0.682653506899942,-0.653665674372188
"65",20,"WALKING_DOWNSTAIRS",0.274347260646063,-0.0177434918458972,-0.108925032737064,-0.607783818968688,-0.510191378479501,-0.61306429934125,-0.0309824871713436,-0.0747194855994359,0.103900480541333,-0.721192598029789,-0.682653506899942,-0.653665674372188
"66",18,"WALKING_DOWNSTAIRS",0.274347260646063,-0.0177434918458972,-0.108925032737064,-0.607783818968688,-0.510191378479501,-0.61306429934125,-0.0309824871713436,-0.0747194855994359,0.0987471683127273,-0.721192598029789,-0.682653506899942,-0.653665674372188
"67",9,"WALKING_DOWNSTAIRS",0.274347260646063,-0.0177434918458972,-0.108925032737064,-0.607783818968688,-0.510191378479501,-0.61306429934125,-0.0309824871713436,-0.0747194855994359,0.116804400690476,-0.721192598029789,-0.682653506899942,-0.653665674372188
"68",11,"WALKING_DOWNSTAIRS",0.274347260646063,-0.0177434918458972,-0.108925032737064,-0.607783818968688,-0.510191378479501,-0.61306429934125,-0.0309824871713436,-0.0747194855994359,0.057524457376087,-0.721192598029789,-0.682653506899942,-0.653665674372188
"69",24,"WALKING_DOWNSTAIRS",0.274347260646063,-0.0177434918458972,-0.108925032737064,-0.607783818968688,-0.510191378479501,-0.61306429934125,-0.0309824871713436,-0.0747194855994359,0.111973650603636,-0.721192598029789,-0.682653506899942,-0.653665674372188
"70",22,"WALKING_DOWNSTAIRS",0.274347260646063,-0.0177434918458972,-0.108925032737064,-0.607783818968688,-0.510191378479501,-0.61306429934125,-0.0309824871713436,-0.0747194855994359,0.0500708760555556,-0.721192598029789,-0.682653506899942,-0.653665674372188
"71",19,"WALKING_DOWNSTAIRS",0.274347260646063,-0.0177434918458972,-0.108925032737064,-0.607783818968688,-0.510191378479501,-0.61306429934125,-0.0309824871713436,-0.0747194855994359,0.163962510807692,-0.721192598029789,-0.682653506899942,-0.653665674372188
"72",6,"WALKING_DOWNSTAIRS",0.274347260646063,-0.0177434918458972,-0.108925032737064,-0.607783818968688,-0.510191378479501,-0.61306429934125,-0.0309824871713436,-0.0747194855994359,0.0870012595210417,-0.721192598029789,-0.682653506899942,-0.653665674372188
"73",15,"WALKING_DOWNSTAIRS",0.274347260646063,-0.0177434918458972,-0.108925032737064,-0.607783818968688,-0.510191378479501,-0.61306429934125,-0.0309824871713436,-0.0747194855994359,0.0711758197607143,-0.721192598029789,-0.682653506899942,-0.653665674372188
"74",17,"WALKING_DOWNSTAIRS",0.274347260646063,-0.0177434918458972,-0.108925032737064,-0.607783818968688,-0.510191378479501,-0.61306429934125,-0.0309824871713436,-0.0747194855994359,0.0162878745776087,-0.721192598029789,-0.682653506899942,-0.653665674372188
"75",1,"WALKING_DOWNSTAIRS",0.274347260646063,-0.0177434918458972,-0.108925032737064,-0.607783818968688,-0.510191378479501,-0.61306429934125,-0.0309824871713436,-0.0747194855994359,0.0900850142030612,-0.721192598029789,-0.682653506899942,-0.653665674372188
"76",21,"WALKING_DOWNSTAIRS",0.274347260646063,-0.0177434918458972,-0.108925032737064,-0.607783818968688,-0.510191378479501,-0.61306429934125,-0.0309824871713436,-0.0747194855994359,0.148610020955556,-0.721192598029789,-0.682653506899942,-0.653665674372188
"77",23,"WALKING_DOWNSTAIRS",0.274347260646063,-0.0177434918458972,-0.108925032737064,-0.607783818968688,-0.510191378479501,-0.61306429934125,-0.0309824871713436,-0.0747194855994359,0.0953602497222222,-0.721192598029789,-0.682653506899942,-0.653665674372188
"78",25,"WALKING_DOWNSTAIRS",0.274347260646063,-0.0177434918458972,-0.108925032737064,-0.607783818968688,-0.510191378479501,-0.61306429934125,-0.0309824871713436,-0.0747194855994359,0.0980750249310345,-0.721192598029789,-0.682653506899942,-0.653665674372188
"79",4,"WALKING_DOWNSTAIRS",0.274347260646063,-0.0177434918458972,-0.108925032737064,-0.607783818968688,-0.510191378479501,-0.61306429934125,-0.0309824871713436,-0.0747194855994359,0.05926394948,-0.721192598029789,-0.682653506899942,-0.653665674372188
"80",26,"WALKING_DOWNSTAIRS",0.274347260646063,-0.0177434918458972,-0.108925032737064,-0.607783818968688,-0.510191378479501,-0.61306429934125,-0.0309824871713436,-0.0747194855994359,0.082221399603,-0.721192598029789,-0.682653506899942,-0.653665674372188
"81",5,"WALKING_DOWNSTAIRS",0.274347260646063,-0.0177434918458972,-0.108925032737064,-0.607783818968688,-0.510191378479501,-0.61306429934125,-0.0309824871713436,-0.0747194855994359,0.0806559989574468,-0.721192598029789,-0.682653506899942,-0.653665674372188
"82",8,"WALKING_DOWNSTAIRS",0.274347260646063,-0.0177434918458972,-0.108925032737064,-0.607783818968688,-0.510191378479501,-0.61306429934125,-0.0309824871713436,-0.0747194855994359,0.114143855152368,-0.721192598029789,-0.682653506899942,-0.653665674372188
"83",29,"WALKING_DOWNSTAIRS",0.274347260646063,-0.0177434918458972,-0.108925032737064,-0.607783818968688,-0.510191378479501,-0.61306429934125,-0.0309824871713436,-0.0747194855994359,0.0822244074666667,-0.721192598029789,-0.682653506899942,-0.653665674372188
"84",27,"WALKING_DOWNSTAIRS",0.274347260646063,-0.0177434918458972,-0.108925032737064,-0.607783818968688,-0.510191378479501,-0.61306429934125,-0.0309824871713436,-0.0747194855994359,0.152695027609091,-0.721192598029789,-0.682653506899942,-0.653665674372188
"85",10,"WALKING_DOWNSTAIRS",0.274347260646063,-0.0177434918458972,-0.108925032737064,-0.607783818968688,-0.510191378479501,-0.61306429934125,-0.0309824871713436,-0.0747194855994359,0.0724433685578947,-0.721192598029789,-0.682653506899942,-0.653665674372188
"86",16,"WALKING_DOWNSTAIRS",0.274347260646063,-0.0177434918458972,-0.108925032737064,-0.607783818968688,-0.510191378479501,-0.61306429934125,-0.0309824871713436,-0.0747194855994359,0.0835380057,-0.721192598029789,-0.682653506899942,-0.653665674372188
"87",12,"WALKING_DOWNSTAIRS",0.274347260646063,-0.0177434918458972,-0.108925032737064,-0.607783818968688,-0.510191378479501,-0.61306429934125,-0.0309824871713436,-0.0747194855994359,0.0895434978391304,-0.721192598029789,-0.682653506899942,-0.653665674372188
"88",28,"WALKING_DOWNSTAIRS",0.274347260646063,-0.0177434918458972,-0.108925032737064,-0.607783818968688,-0.510191378479501,-0.61306429934125,-0.0309824871713436,-0.0747194855994359,0.138622425584783,-0.721192598029789,-0.682653506899942,-0.653665674372188
"89",30,"WALKING_DOWNSTAIRS",0.274347260646063,-0.0177434918458972,-0.108925032737064,-0.607783818968688,-0.510191378479501,-0.61306429934125,-0.0309824871713436,-0.0747194855994359,0.0895767797064516,-0.721192598029789,-0.682653506899942,-0.653665674372188
"90",2,"WALKING_DOWNSTAIRS",0.274347260646063,-0.0177434918458972,-0.108925032737064,-0.607783818968688,-0.510191378479501,-0.61306429934125,-0.0309824871713436,-0.0747194855994359,0.097173808906383,-0.721192598029789,-0.682653506899942,-0.653665674372188
"91",3,"SITTING",0.274347260646063,-0.0177434918458972,-0.108925032737064,-0.607783818968688,-0.510191378479501,-0.61306429934125,-0.0309824871713436,-0.0747194855994359,0.0940113975530769,-0.721192598029789,-0.682653506899942,-0.653665674372188
"92",29,"SITTING",0.274347260646063,-0.0177434918458972,-0.108925032737064,-0.607783818968688,-0.510191378479501,-0.61306429934125,-0.0309824871713436,-0.0747194855994359,0.0580495969166667,-0.721192598029789,-0.682653506899942,-0.653665674372188
"93",4,"SITTING",0.274347260646063,-0.0177434918458972,-0.108925032737064,-0.607783818968688,-0.510191378479501,-0.61306429934125,-0.0309824871713436,-0.0747194855994359,0.10115033478,-0.721192598029789,-0.682653506899942,-0.653665674372188
"94",10,"SITTING",0.274347260646063,-0.0177434918458972,-0.108925032737064,-0.607783818968688,-0.510191378479501,-0.61306429934125,-0.0309824871713436,-0.0747194855994359,0.0745958869444444,-0.721192598029789,-0.682653506899942,-0.653665674372188
"95",7,"SITTING",0.274347260646063,-0.0177434918458972,-0.108925032737064,-0.607783818968688,-0.510191378479501,-0.61306429934125,-0.0309824871713436,-0.0747194855994359,0.0259476655145833,-0.721192598029789,-0.682653506899942,-0.653665674372188
"96",12,"SITTING",0.274347260646063,-0.0177434918458972,-0.108925032737064,-0.607783818968688,-0.510191378479501,-0.61306429934125,-0.0309824871713436,-0.0747194855994359,0.0728462158235294,-0.721192598029789,-0.682653506899942,-0.653665674372188
"97",28,"SITTING",0.274347260646063,-0.0177434918458972,-0.108925032737064,-0.607783818968688,-0.510191378479501,-0.61306429934125,-0.0309824871713436,-0.0747194855994359,0.087025401375,-0.721192598029789,-0.682653506899942,-0.653665674372188
"98",6,"SITTING",0.274347260646063,-0.0177434918458972,-0.108925032737064,-0.607783818968688,-0.510191378479501,-0.61306429934125,-0.0309824871713436,-0.0747194855994359,0.0854346006181818,-0.721192598029789,-0.682653506899942,-0.653665674372188
"99",21,"SITTING",0.274347260646063,-0.0177434918458972,-0.108925032737064,-0.607783818968688,-0.510191378479501,-0.61306429934125,-0.0309824871713436,-0.0747194855994359,0.0831326042823529,-0.721192598029789,-0.682653506899942,-0.653665674372188
"100",25,"SITTING",0.274347260646063,-0.0177434918458972,-0.108925032737064,-0.607783818968688,-0.510191378479501,-0.61306429934125,-0.0309824871713436,-0.0747194855994359,0.0852783892769231,-0.721192598029789,-0.682653506899942,-0.653665674372188
"101",30,"SITTING",0.274347260646063,-0.0177434918458972,-0.108925032737064,-0.607783818968688,-0.510191378479501,-0.61306429934125,-0.0309824871713436,-0.0747194855994359,0.0702002598387097,-0.721192598029789,-0.682653506899942,-0.653665674372188
"102",9,"SITTING",0.274347260646063,-0.0177434918458972,-0.108925032737064,-0.607783818968688,-0.510191378479501,-0.61306429934125,-0.0309824871713436,-0.0747194855994359,0.0807919285908,-0.721192598029789,-0.682653506899942,-0.653665674372188
"103",11,"SITTING",0.274347260646063,-0.0177434918458972,-0.108925032737064,-0.607783818968688,-0.510191378479501,-0.61306429934125,-0.0309824871713436,-0.0747194855994359,0.0761739419056604,-0.721192598029789,-0.682653506899942,-0.653665674372188
"104",5,"SITTING",0.274347260646063,-0.0177434918458972,-0.108925032737064,-0.607783818968688,-0.510191378479501,-0.61306429934125,-0.0309824871713436,-0.0747194855994359,0.0823934451590909,-0.721192598029789,-0.682653506899942,-0.653665674372188
"105",27,"SITTING",0.274347260646063,-0.0177434918458972,-0.108925032737064,-0.607783818968688,-0.510191378479501,-0.61306429934125,-0.0309824871713436,-0.0747194855994359,0.0833752812157143,-0.721192598029789,-0.682653506899942,-0.653665674372188
"106",13,"SITTING",0.274347260646063,-0.0177434918458972,-0.108925032737064,-0.607783818968688,-0.510191378479501,-0.61306429934125,-0.0309824871713436,-0.0747194855994359,0.0823432026610204,-0.721192598029789,-0.682653506899942,-0.653665674372188
"107",19,"SITTING",0.274347260646063,-0.0177434918458972,-0.108925032737064,-0.607783818968688,-0.510191378479501,-0.61306429934125,-0.0309824871713436,-0.0747194855994359,0.0968980718168493,-0.721192598029789,-0.682653506899942,-0.653665674372188
"108",20,"SITTING",0.274347260646063,-0.0177434918458972,-0.108925032737064,-0.607783818968688,-0.510191378479501,-0.61306429934125,-0.0309824871713436,-0.0747194855994359,0.0642882138333333,-0.721192598029789,-0.682653506899942,-0.653665674372188
"109",26,"SITTING",0.274347260646063,-0.0177434918458972,-0.108925032737064,-0.607783818968688,-0.510191378479501,-0.61306429934125,-0.0309824871713436,-0.0747194855994359,0.0711109471666667,-0.721192598029789,-0.682653506899942,-0.653665674372188
"110",14,"SITTING",0.274347260646063,-0.0177434918458972,-0.108925032737064,-0.607783818968688,-0.510191378479501,-0.61306429934125,-0.0309824871713436,-0.0747194855994359,0.0928523607037037,-0.721192598029789,-0.682653506899942,-0.653665674372188
"111",24,"SITTING",0.274347260646063,-0.0177434918458972,-0.108925032737064,-0.607783818968688,-0.510191378479501,-0.61306429934125,-0.0309824871713436,-0.0747194855994359,0.0800440230882353,-0.721192598029789,-0.682653506899942,-0.653665674372188
"112",2,"SITTING",0.274347260646063,-0.0177434918458972,-0.108925032737064,-0.607783818968688,-0.510191378479501,-0.61306429934125,-0.0309824871713436,-0.0747194855994359,0.0412277462173913,-0.721192598029789,-0.682653506899942,-0.653665674372188
"113",22,"SITTING",0.274347260646063,-0.0177434918458972,-0.108925032737064,-0.607783818968688,-0.510191378479501,-0.61306429934125,-0.0309824871713436,-0.0747194855994359,0.0804426775241936,-0.721192598029789,-0.682653506899942,-0.653665674372188
"114",8,"SITTING",0.274347260646063,-0.0177434918458972,-0.108925032737064,-0.607783818968688,-0.510191378479501,-0.61306429934125,-0.0309824871713436,-0.0747194855994359,0.0716048809782609,-0.721192598029789,-0.682653506899942,-0.653665674372188
"115",1,"SITTING",0.274347260646063,-0.0177434918458972,-0.108925032737064,-0.607783818968688,-0.510191378479501,-0.61306429934125,-0.0309824871713436,-0.0747194855994359,0.0629313811914894,-0.721192598029789,-0.682653506899942,-0.653665674372188
"116",23,"SITTING",0.274347260646063,-0.0177434918458972,-0.108925032737064,-0.607783818968688,-0.510191378479501,-0.61306429934125,-0.0309824871713436,-0.0747194855994359,0.0645673209117647,-0.721192598029789,-0.682653506899942,-0.653665674372188
"117",18,"SITTING",0.274347260646063,-0.0177434918458972,-0.108925032737064,-0.607783818968688,-0.510191378479501,-0.61306429934125,-0.0309824871713436,-0.0747194855994359,0.0848140511754386,-0.721192598029789,-0.682653506899942,-0.653665674372188
"118",16,"SITTING",0.274347260646063,-0.0177434918458972,-0.108925032737064,-0.607783818968688,-0.510191378479501,-0.61306429934125,-0.0309824871713436,-0.0747194855994359,0.0795736310463768,-0.721192598029789,-0.682653506899942,-0.653665674372188
"119",17,"SITTING",0.274347260646063,-0.0177434918458972,-0.108925032737064,-0.607783818968688,-0.510191378479501,-0.61306429934125,-0.0309824871713436,-0.0747194855994359,0.0860053803375,-0.721192598029789,-0.682653506899942,-0.653665674372188
"120",15,"SITTING",0.274347260646063,-0.0177434918458972,-0.108925032737064,-0.607783818968688,-0.510191378479501,-0.61306429934125,-0.0309824871713436,-0.0747194855994359,0.0951978083898305,-0.721192598029789,-0.682653506899942,-0.653665674372188
"121",2,"STANDING",0.274347260646063,-0.0177434918458972,-0.108925032737064,-0.607783818968688,-0.510191378479501,-0.61306429934125,-0.0309824871713436,-0.0747194855994359,0.0878351695481481,-0.721192598029789,-0.682653506899942,-0.653665674372188
"122",3,"STANDING",0.274347260646063,-0.0177434918458972,-0.108925032737064,-0.607783818968688,-0.510191378479501,-0.61306429934125,-0.0309824871713436,-0.0747194855994359,0.0665262054098361,-0.721192598029789,-0.682653506899942,-0.653665674372188
"123",20,"STANDING",0.274347260646063,-0.0177434918458972,-0.108925032737064,-0.607783818968688,-0.510191378479501,-0.61306429934125,-0.0309824871713436,-0.0747194855994359,0.0773671448739726,-0.721192598029789,-0.682653506899942,-0.653665674372188
"124",7,"STANDING",0.274347260646063,-0.0177434918458972,-0.108925032737064,-0.607783818968688,-0.510191378479501,-0.61306429934125,-0.0309824871713436,-0.0747194855994359,0.0851045000566038,-0.721192598029789,-0.682653506899942,-0.653665674372188
"125",27,"STANDING",0.274347260646063,-0.0177434918458972,-0.108925032737064,-0.607783818968688,-0.510191378479501,-0.61306429934125,-0.0309824871713436,-0.0747194855994359,0.07168414632375,-0.721192598029789,-0.682653506899942,-0.653665674372188
"126",30,"STANDING",0.274347260646063,-0.0177434918458972,-0.108925032737064,-0.607783818968688,-0.510191378479501,-0.61306429934125,-0.0309824871713436,-0.0747194855994359,0.0802514754237288,-0.721192598029789,-0.682653506899942,-0.653665674372188
"127",4,"STANDING",0.274347260646063,-0.0177434918458972,-0.108925032737064,-0.607783818968688,-0.510191378479501,-0.61306429934125,-0.0309824871713436,-0.0747194855994359,0.0755636430892857,-0.721192598029789,-0.682653506899942,-0.653665674372188
"128",12,"STANDING",0.274347260646063,-0.0177434918458972,-0.108925032737064,-0.607783818968688,-0.510191378479501,-0.61306429934125,-0.0309824871713436,-0.0747194855994359,0.074256819,-0.721192598029789,-0.682653506899942,-0.653665674372188
"129",5,"STANDING",0.274347260646063,-0.0177434918458972,-0.108925032737064,-0.607783818968688,-0.510191378479501,-0.61306429934125,-0.0309824871713436,-0.0747194855994359,0.0690945763946429,-0.721192598029789,-0.682653506899942,-0.653665674372188
"130",19,"STANDING",0.274347260646063,-0.0177434918458972,-0.108925032737064,-0.607783818968688,-0.510191378479501,-0.61306429934125,-0.0309824871713436,-0.0747194855994359,0.0710520180136986,-0.721192598029789,-0.682653506899942,-0.653665674372188
"131",21,"STANDING",0.274347260646063,-0.0177434918458972,-0.108925032737064,-0.607783818968688,-0.510191378479501,-0.61306429934125,-0.0309824871713436,-0.0747194855994359,0.0864863265393258,-0.721192598029789,-0.682653506899942,-0.653665674372188
"132",13,"STANDING",0.274347260646063,-0.0177434918458972,-0.108925032737064,-0.607783818968688,-0.510191378479501,-0.61306429934125,-0.0309824871713436,-0.0747194855994359,0.085471246877193,-0.721192598029789,-0.682653506899942,-0.653665674372188
"133",10,"STANDING",0.274347260646063,-0.0177434918458972,-0.108925032737064,-0.607783818968688,-0.510191378479501,-0.61306429934125,-0.0309824871713436,-0.0747194855994359,0.103251560681818,-0.721192598029789,-0.682653506899942,-0.653665674372188
"134",8,"STANDING",0.274347260646063,-0.0177434918458972,-0.108925032737064,-0.607783818968688,-0.510191378479501,-0.61306429934125,-0.0309824871713436,-0.0747194855994359,0.063688907,-0.721192598029789,-0.682653506899942,-0.653665674372188
"135",11,"STANDING",0.274347260646063,-0.0177434918458972,-0.108925032737064,-0.607783818968688,-0.510191378479501,-0.61306429934125,-0.0309824871713436,-0.0747194855994359,0.0810588216170213,-0.721192598029789,-0.682653506899942,-0.653665674372188
"136",9,"STANDING",0.274347260646063,-0.0177434918458972,-0.108925032737064,-0.607783818968688,-0.510191378479501,-0.61306429934125,-0.0309824871713436,-0.0747194855994359,0.0992409332222222,-0.721192598029789,-0.682653506899942,-0.653665674372188
"137",24,"STANDING",0.274347260646063,-0.0177434918458972,-0.108925032737064,-0.607783818968688,-0.510191378479501,-0.61306429934125,-0.0309824871713436,-0.0747194855994359,0.077124614942029,-0.721192598029789,-0.682653506899942,-0.653665674372188
"138",22,"STANDING",0.274347260646063,-0.0177434918458972,-0.108925032737064,-0.607783818968688,-0.510191378479501,-0.61306429934125,-0.0309824871713436,-0.0747194855994359,0.0733466563174603,-0.721192598029789,-0.682653506899942,-0.653665674372188
"139",18,"STANDING",0.274347260646063,-0.0177434918458972,-0.108925032737064,-0.607783818968688,-0.510191378479501,-0.61306429934125,-0.0309824871713436,-0.0747194855994359,0.0843190675616438,-0.721192598029789,-0.682653506899942,-0.653665674372188
"140",28,"STANDING",0.274347260646063,-0.0177434918458972,-0.108925032737064,-0.607783818968688,-0.510191378479501,-0.61306429934125,-0.0309824871713436,-0.0747194855994359,0.0865173111012658,-0.721192598029789,-0.682653506899942,-0.653665674372188
"141",6,"STANDING",0.274347260646063,-0.0177434918458972,-0.108925032737064,-0.607783818968688,-0.510191378479501,-0.61306429934125,-0.0309824871713436,-0.0747194855994359,0.0767394745964912,-0.721192598029789,-0.682653506899942,-0.653665674372188
"142",17,"STANDING",0.274347260646063,-0.0177434918458972,-0.108925032737064,-0.607783818968688,-0.510191378479501,-0.61306429934125,-0.0309824871713436,-0.0747194855994359,0.0880561869358974,-0.721192598029789,-0.682653506899942,-0.653665674372188
"143",16,"STANDING",0.274347260646063,-0.0177434918458972,-0.108925032737064,-0.607783818968688,-0.510191378479501,-0.61306429934125,-0.0309824871713436,-0.0747194855994359,0.0867342708846154,-0.721192598029789,-0.682653506899942,-0.653665674372188
"144",14,"STANDING",0.274347260646063,-0.0177434918458972,-0.108925032737064,-0.607783818968688,-0.510191378479501,-0.61306429934125,-0.0309824871713436,-0.0747194855994359,0.07904758875,-0.721192598029789,-0.682653506899942,-0.653665674372188
"145",23,"STANDING",0.274347260646063,-0.0177434918458972,-0.108925032737064,-0.607783818968688,-0.510191378479501,-0.61306429934125,-0.0309824871713436,-0.0747194855994359,0.0816888999117647,-0.721192598029789,-0.682653506899942,-0.653665674372188
"146",15,"STANDING",0.274347260646063,-0.0177434918458972,-0.108925032737064,-0.607783818968688,-0.510191378479501,-0.61306429934125,-0.0309824871713436,-0.0747194855994359,0.0761946738773585,-0.721192598029789,-0.682653506899942,-0.653665674372188
"147",29,"STANDING",0.274347260646063,-0.0177434918458972,-0.108925032737064,-0.607783818968688,-0.510191378479501,-0.61306429934125,-0.0309824871713436,-0.0747194855994359,0.0827583768461538,-0.721192598029789,-0.682653506899942,-0.653665674372188
"148",26,"STANDING",0.274347260646063,-0.0177434918458972,-0.108925032737064,-0.607783818968688,-0.510191378479501,-0.61306429934125,-0.0309824871713436,-0.0747194855994359,0.0776706781351351,-0.721192598029789,-0.682653506899942,-0.653665674372188
"149",25,"STANDING",0.274347260646063,-0.0177434918458972,-0.108925032737064,-0.607783818968688,-0.510191378479501,-0.61306429934125,-0.0309824871713436,-0.0747194855994359,0.0852685438243243,-0.721192598029789,-0.682653506899942,-0.653665674372188
"150",1,"STANDING",0.274347260646063,-0.0177434918458972,-0.108925032737064,-0.607783818968688,-0.510191378479501,-0.61306429934125,-0.0309824871713436,-0.0747194855994359,0.074800751,-0.721192598029789,-0.682653506899942,-0.653665674372188
"151",30,"LAYING",0.274347260646063,-0.0177434918458972,-0.108925032737064,-0.607783818968688,-0.510191378479501,-0.61306429934125,-0.0309824871713436,-0.0747194855994359,0.0938472163142857,-0.721192598029789,-0.682653506899942,-0.653665674372188
"152",27,"LAYING",0.274347260646063,-0.0177434918458972,-0.108925032737064,-0.607783818968688,-0.510191378479501,-0.61306429934125,-0.0309824871713436,-0.0747194855994359,0.118738360783784,-0.721192598029789,-0.682653506899942,-0.653665674372188
"153",14,"LAYING",0.274347260646063,-0.0177434918458972,-0.108925032737064,-0.607783818968688,-0.510191378479501,-0.61306429934125,-0.0309824871713436,-0.0747194855994359,0.149124058235294,-0.721192598029789,-0.682653506899942,-0.653665674372188
"154",28,"LAYING",0.274347260646063,-0.0177434918458972,-0.108925032737064,-0.607783818968688,-0.510191378479501,-0.61306429934125,-0.0309824871713436,-0.0747194855994359,0.09357912315,-0.721192598029789,-0.682653506899942,-0.653665674372188
"155",6,"LAYING",0.274347260646063,-0.0177434918458972,-0.108925032737064,-0.607783818968688,-0.510191378479501,-0.61306429934125,-0.0309824871713436,-0.0747194855994359,0.179102058245614,-0.721192598029789,-0.682653506899942,-0.653665674372188
"156",13,"LAYING",0.274347260646063,-0.0177434918458972,-0.108925032737064,-0.607783818968688,-0.510191378479501,-0.61306429934125,-0.0309824871713436,-0.0747194855994359,0.117819614790323,-0.721192598029789,-0.682653506899942,-0.653665674372188
"157",26,"LAYING",0.274347260646063,-0.0177434918458972,-0.108925032737064,-0.607783818968688,-0.510191378479501,-0.61306429934125,-0.0309824871713436,-0.0747194855994359,0.152436344328947,-0.721192598029789,-0.682653506899942,-0.653665674372188
"158",29,"LAYING",0.274347260646063,-0.0177434918458972,-0.108925032737064,-0.607783818968688,-0.510191378479501,-0.61306429934125,-0.0309824871713436,-0.0747194855994359,0.127411971652174,-0.721192598029789,-0.682653506899942,-0.653665674372188
"159",20,"LAYING",0.274347260646063,-0.0177434918458972,-0.108925032737064,-0.607783818968688,-0.510191378479501,-0.61306429934125,-0.0309824871713436,-0.0747194855994359,0.123680209926471,-0.721192598029789,-0.682653506899942,-0.653665674372188
"160",12,"LAYING",0.274347260646063,-0.0177434918458972,-0.108925032737064,-0.607783818968688,-0.510191378479501,-0.61306429934125,-0.0309824871713436,-0.0747194855994359,0.14519184795,-0.721192598029789,-0.682653506899942,-0.653665674372188
"161",11,"LAYING",0.274347260646063,-0.0177434918458972,-0.108925032737064,-0.607783818968688,-0.510191378479501,-0.61306429934125,-0.0309824871713436,-0.0747194855994359,0.152019015929825,-0.721192598029789,-0.682653506899942,-0.653665674372188
"162",3,"LAYING",0.274347260646063,-0.0177434918458972,-0.108925032737064,-0.607783818968688,-0.510191378479501,-0.61306429934125,-0.0309824871713436,-0.0747194855994359,0.137999561112903,-0.721192598029789,-0.682653506899942,-0.653665674372188
"163",7,"LAYING",0.274347260646063,-0.0177434918458972,-0.108925032737064,-0.607783818968688,-0.510191378479501,-0.61306429934125,-0.0309824871713436,-0.0747194855994359,0.155920029769231,-0.721192598029789,-0.682653506899942,-0.653665674372188
"164",10,"LAYING",0.274347260646063,-0.0177434918458972,-0.108925032737064,-0.607783818968688,-0.510191378479501,-0.61306429934125,-0.0309824871713436,-0.0747194855994359,0.104720478344828,-0.721192598029789,-0.682653506899942,-0.653665674372188
"165",8,"LAYING",0.274347260646063,-0.0177434918458972,-0.108925032737064,-0.607783818968688,-0.510191378479501,-0.61306429934125,-0.0309824871713436,-0.0747194855994359,0.13818830737037,-0.721192598029789,-0.682653506899942,-0.653665674372188
"166",21,"LAYING",0.274347260646063,-0.0177434918458972,-0.108925032737064,-0.607783818968688,-0.510191378479501,-0.61306429934125,-0.0309824871713436,-0.0747194855994359,0.0980906517,-0.721192598029789,-0.682653506899942,-0.653665674372188
"167",4,"LAYING",0.274347260646063,-0.0177434918458972,-0.108925032737064,-0.607783818968688,-0.510191378479501,-0.61306429934125,-0.0309824871713436,-0.0747194855994359,0.169720404092593,-0.721192598029789,-0.682653506899942,-0.653665674372188
"168",18,"LAYING",0.274347260646063,-0.0177434918458972,-0.108925032737064,-0.607783818968688,-0.510191378479501,-0.61306429934125,-0.0309824871713436,-0.0747194855994359,0.0937781948153846,-0.721192598029789,-0.682653506899942,-0.653665674372188
"169",5,"LAYING",0.274347260646063,-0.0177434918458972,-0.108925032737064,-0.607783818968688,-0.510191378479501,-0.61306429934125,-0.0309824871713436,-0.0747194855994359,0.159894366942308,-0.721192598029789,-0.682653506899942,-0.653665674372188
"170",22,"LAYING",0.274347260646063,-0.0177434918458972,-0.108925032737064,-0.607783818968688,-0.510191378479501,-0.61306429934125,-0.0309824871713436,-0.0747194855994359,0.145003879319444,-0.721192598029789,-0.682653506899942,-0.653665674372188
"171",9,"LAYING",0.274347260646063,-0.0177434918458972,-0.108925032737064,-0.607783818968688,-0.510191378479501,-0.61306429934125,-0.0309824871713436,-0.0747194855994359,0.101275010682,-0.721192598029789,-0.682653506899942,-0.653665674372188
"172",25,"LAYING",0.274347260646063,-0.0177434918458972,-0.108925032737064,-0.607783818968688,-0.510191378479501,-0.61306429934125,-0.0309824871713436,-0.0747194855994359,0.139718671465753,-0.721192598029789,-0.682653506899942,-0.653665674372188
"173",19,"LAYING",0.274347260646063,-0.0177434918458972,-0.108925032737064,-0.607783818968688,-0.510191378479501,-0.61306429934125,-0.0309824871713436,-0.0747194855994359,0.10860511373494,-0.721192598029789,-0.682653506899942,-0.653665674372188
"174",23,"LAYING",0.274347260646063,-0.0177434918458972,-0.108925032737064,-0.607783818968688,-0.510191378479501,-0.61306429934125,-0.0309824871713436,-0.0747194855994359,0.111078594708333,-0.721192598029789,-0.682653506899942,-0.653665674372188
"175",24,"LAYING",0.274347260646063,-0.0177434918458972,-0.108925032737064,-0.607783818968688,-0.510191378479501,-0.61306429934125,-0.0309824871713436,-0.0747194855994359,0.111730746333333,-0.721192598029789,-0.682653506899942,-0.653665674372188
"176",16,"LAYING",0.274347260646063,-0.0177434918458972,-0.108925032737064,-0.607783818968688,-0.510191378479501,-0.61306429934125,-0.0309824871713436,-0.0747194855994359,0.0966210349428571,-0.721192598029789,-0.682653506899942,-0.653665674372188
"177",1,"LAYING",0.274347260646063,-0.0177434918458972,-0.108925032737064,-0.607783818968688,-0.510191378479501,-0.61306429934125,-0.0309824871713436,-0.0747194855994359,0.14868943626,-0.721192598029789,-0.682653506899942,-0.653665674372188
"178",15,"LAYING",0.274347260646063,-0.0177434918458972,-0.108925032737064,-0.607783818968688,-0.510191378479501,-0.61306429934125,-0.0309824871713436,-0.0747194855994359,0.113451899791667,-0.721192598029789,-0.682653506899942,-0.653665674372188
"179",2,"LAYING",0.274347260646063,-0.0177434918458972,-0.108925032737064,-0.607783818968688,-0.510191378479501,-0.61306429934125,-0.0309824871713436,-0.0747194855994359,0.144882846104167,-0.721192598029789,-0.682653506899942,-0.653665674372188
"180",17,"LAYING",0.274347260646063,-0.0177434918458972,-0.108925032737064,-0.607783818968688,-0.510191378479501,-0.61306429934125,-0.0309824871713436,-0.0747194855994359,0.111440490309859,-0.721192598029789,-0.682653506899942,-0.653665674372188
