"","subject","activity","mean_fast_fourier_transform_bodyaccmag_minus_mean","mean_fast_fourier_transform_bodyaccmag_minus_std","mean_fast_fourier_transform_bodyaccmag_minus_mean_freq","mean_fast_fourier_transform_bodybodyaccjerkmag_minus_mean","mean_fast_fourier_transform_bodybodyaccjerkmag_minus_std","mean_fast_fourier_transform_bodybodyaccjerkmag_minus_mean_freq","mean_fast_fourier_transform_bodybodygyromag_minus_mean","mean_fast_fourier_transform_bodybodygyromag_minus_std","mean_fast_fourier_transform_bodybodygyromag_minus_mean_freq","mean_fast_fourier_transform_bodybodygyrojerkmag_minus_mean","mean_fast_fourier_transform_bodybodygyrojerkmag_minus_std","mean_fast_fourier_transform_bodybodygyrojerkmag_minus_mean_freq"
"1",7,"WALKING",-0.585962696268539,-0.659531216655476,0.0768760112631957,-0.620789916331592,-0.640076803144351,0.173219742700723,-0.697411069729937,-0.699976372277643,-0.0415636227771787,-0.779767633083527,-0.792190209274884,0.126707820497791
"2",21,"WALKING",-0.585962696268539,-0.659531216655476,0.0768760112631957,-0.620789916331592,-0.640076803144351,0.173219742700723,-0.697411069729937,-0.699976372277643,-0.0415636227771787,-0.779767633083527,-0.792190209274884,0.126707820497791
"3",18,"WALKING",-0.585962696268539,-0.659531216655476,0.0768760112631957,-0.620789916331592,-0.640076803144351,0.173219742700723,-0.697411069729937,-0.699976372277643,-0.0415636227771787,-0.779767633083527,-0.792190209274884,0.126707820497791
"4",11,"WALKING",-0.585962696268539,-0.659531216655476,0.0768760112631957,-0.620789916331592,-0.640076803144351,0.173219742700723,-0.697411069729937,-0.699976372277643,-0.0415636227771787,-0.779767633083527,-0.792190209274884,0.126707820497791
"5",20,"WALKING",-0.585962696268539,-0.659531216655476,0.0768760112631957,-0.620789916331592,-0.640076803144351,0.173219742700723,-0.697411069729937,-0.699976372277643,-0.0415636227771787,-0.779767633083527,-0.792190209274884,0.126707820497791
"6",22,"WALKING",-0.585962696268539,-0.659531216655476,0.0768760112631957,-0.620789916331592,-0.640076803144351,0.173219742700723,-0.697411069729937,-0.699976372277643,-0.0415636227771787,-0.779767633083527,-0.792190209274884,0.126707820497791
"7",26,"WALKING",-0.585962696268539,-0.659531216655476,0.0768760112631957,-0.620789916331592,-0.640076803144351,0.173219742700723,-0.697411069729937,-0.699976372277643,-0.0415636227771787,-0.779767633083527,-0.792190209274884,0.126707820497791
"8",6,"WALKING",-0.585962696268539,-0.659531216655476,0.0768760112631957,-0.620789916331592,-0.640076803144351,0.173219742700723,-0.697411069729937,-0.699976372277643,-0.0415636227771787,-0.779767633083527,-0.792190209274884,0.126707820497791
"9",19,"WALKING",-0.585962696268539,-0.659531216655476,0.0768760112631957,-0.620789916331592,-0.640076803144351,0.173219742700723,-0.697411069729937,-0.699976372277643,-0.0415636227771787,-0.779767633083527,-0.792190209274884,0.126707820497791
"10",14,"WALKING",-0.585962696268539,-0.659531216655476,0.0768760112631957,-0.620789916331592,-0.640076803144351,0.173219742700723,-0.697411069729937,-0.699976372277643,-0.0415636227771787,-0.779767633083527,-0.792190209274884,0.126707820497791
"11",29,"WALKING",-0.585962696268539,-0.659531216655476,0.0768760112631957,-0.620789916331592,-0.640076803144351,0.173219742700723,-0.697411069729937,-0.699976372277643,-0.0415636227771787,-0.779767633083527,-0.792190209274884,0.126707820497791
"12",27,"WALKING",-0.585962696268539,-0.659531216655476,0.0768760112631957,-0.620789916331592,-0.640076803144351,0.173219742700723,-0.697411069729937,-0.699976372277643,-0.0415636227771787,-0.779767633083527,-0.792190209274884,0.126707820497791
"13",4,"WALKING",-0.585962696268539,-0.659531216655476,0.0768760112631957,-0.620789916331592,-0.640076803144351,0.173219742700723,-0.697411069729937,-0.699976372277643,-0.0415636227771787,-0.779767633083527,-0.792190209274884,0.126707820497791
"14",3,"WALKING",-0.585962696268539,-0.659531216655476,0.0768760112631957,-0.620789916331592,-0.640076803144351,0.173219742700723,-0.697411069729937,-0.699976372277643,-0.0415636227771787,-0.779767633083527,-0.792190209274884,0.126707820497791
"15",30,"WALKING",-0.585962696268539,-0.659531216655476,0.0768760112631957,-0.620789916331592,-0.640076803144351,0.173219742700723,-0.697411069729937,-0.699976372277643,-0.0415636227771787,-0.779767633083527,-0.792190209274884,0.126707820497791
"16",13,"WALKING",-0.585962696268539,-0.659531216655476,0.0768760112631957,-0.620789916331592,-0.640076803144351,0.173219742700723,-0.697411069729937,-0.699976372277643,-0.0415636227771787,-0.779767633083527,-0.792190209274884,0.126707820497791
"17",9,"WALKING",-0.585962696268539,-0.659531216655476,0.0768760112631957,-0.620789916331592,-0.640076803144351,0.173219742700723,-0.697411069729937,-0.699976372277643,-0.0415636227771787,-0.779767633083527,-0.792190209274884,0.126707820497791
"18",12,"WALKING",-0.585962696268539,-0.659531216655476,0.0768760112631957,-0.620789916331592,-0.640076803144351,0.173219742700723,-0.697411069729937,-0.699976372277643,-0.0415636227771787,-0.779767633083527,-0.792190209274884,0.126707820497791
"19",1,"WALKING",-0.585962696268539,-0.659531216655476,0.0768760112631957,-0.620789916331592,-0.640076803144351,0.173219742700723,-0.697411069729937,-0.699976372277643,-0.0415636227771787,-0.779767633083527,-0.792190209274884,0.126707820497791
"20",8,"WALKING",-0.585962696268539,-0.659531216655476,0.0768760112631957,-0.620789916331592,-0.640076803144351,0.173219742700723,-0.697411069729937,-0.699976372277643,-0.0415636227771787,-0.779767633083527,-0.792190209274884,0.126707820497791
"21",23,"WALKING",-0.585962696268539,-0.659531216655476,0.0768760112631957,-0.620789916331592,-0.640076803144351,0.173219742700723,-0.697411069729937,-0.699976372277643,-0.0415636227771787,-0.779767633083527,-0.792190209274884,0.126707820497791
"22",25,"WALKING",-0.585962696268539,-0.659531216655476,0.0768760112631957,-0.620789916331592,-0.640076803144351,0.173219742700723,-0.697411069729937,-0.699976372277643,-0.0415636227771787,-0.779767633083527,-0.792190209274884,0.126707820497791
"23",5,"WALKING",-0.585962696268539,-0.659531216655476,0.0768760112631957,-0.620789916331592,-0.640076803144351,0.173219742700723,-0.697411069729937,-0.699976372277643,-0.0415636227771787,-0.779767633083527,-0.792190209274884,0.126707820497791
"24",28,"WALKING",-0.585962696268539,-0.659531216655476,0.0768760112631957,-0.620789916331592,-0.640076803144351,0.173219742700723,-0.697411069729937,-0.699976372277643,-0.0415636227771787,-0.779767633083527,-0.792190209274884,0.126707820497791
"25",10,"WALKING",-0.585962696268539,-0.659531216655476,0.0768760112631957,-0.620789916331592,-0.640076803144351,0.173219742700723,-0.697411069729937,-0.699976372277643,-0.0415636227771787,-0.779767633083527,-0.792190209274884,0.126707820497791
"26",24,"WALKING",-0.585962696268539,-0.659531216655476,0.0768760112631957,-0.620789916331592,-0.640076803144351,0.173219742700723,-0.697411069729937,-0.699976372277643,-0.0415636227771787,-0.779767633083527,-0.792190209274884,0.126707820497791
"27",15,"WALKING",-0.585962696268539,-0.659531216655476,0.0768760112631957,-0.620789916331592,-0.640076803144351,0.173219742700723,-0.697411069729937,-0.699976372277643,-0.0415636227771787,-0.779767633083527,-0.792190209274884,0.126707820497791
"28",16,"WALKING",-0.585962696268539,-0.659531216655476,0.0768760112631957,-0.620789916331592,-0.640076803144351,0.173219742700723,-0.697411069729937,-0.699976372277643,-0.0415636227771787,-0.779767633083527,-0.792190209274884,0.126707820497791
"29",2,"WALKING",-0.585962696268539,-0.659531216655476,0.0768760112631957,-0.620789916331592,-0.640076803144351,0.173219742700723,-0.697411069729937,-0.699976372277643,-0.0415636227771787,-0.779767633083527,-0.792190209274884,0.126707820497791
"30",17,"WALKING",-0.585962696268539,-0.659531216655476,0.0768760112631957,-0.620789916331592,-0.640076803144351,0.173219742700723,-0.697411069729937,-0.699976372277643,-0.0415636227771787,-0.779767633083527,-0.792190209274884,0.126707820497791
"31",3,"WALKING_UPSTAIRS",-0.585962696268539,-0.659531216655476,0.0768760112631957,-0.620789916331592,-0.640076803144351,0.173219742700723,-0.697411069729937,-0.699976372277643,-0.0415636227771787,-0.779767633083527,-0.792190209274884,0.126707820497791
"32",1,"WALKING_UPSTAIRS",-0.585962696268539,-0.659531216655476,0.0768760112631957,-0.620789916331592,-0.640076803144351,0.173219742700723,-0.697411069729937,-0.699976372277643,-0.0415636227771787,-0.779767633083527,-0.792190209274884,0.126707820497791
"33",21,"WALKING_UPSTAIRS",-0.585962696268539,-0.659531216655476,0.0768760112631957,-0.620789916331592,-0.640076803144351,0.173219742700723,-0.697411069729937,-0.699976372277643,-0.0415636227771787,-0.779767633083527,-0.792190209274884,0.126707820497791
"34",23,"WALKING_UPSTAIRS",-0.585962696268539,-0.659531216655476,0.0768760112631957,-0.620789916331592,-0.640076803144351,0.173219742700723,-0.697411069729937,-0.699976372277643,-0.0415636227771787,-0.779767633083527,-0.792190209274884,0.126707820497791
"35",13,"WALKING_UPSTAIRS",-0.585962696268539,-0.659531216655476,0.0768760112631957,-0.620789916331592,-0.640076803144351,0.173219742700723,-0.697411069729937,-0.699976372277643,-0.0415636227771787,-0.779767633083527,-0.792190209274884,0.126707820497791
"36",20,"WALKING_UPSTAIRS",-0.585962696268539,-0.659531216655476,0.0768760112631957,-0.620789916331592,-0.640076803144351,0.173219742700723,-0.697411069729937,-0.699976372277643,-0.0415636227771787,-0.779767633083527,-0.792190209274884,0.126707820497791
"37",22,"WALKING_UPSTAIRS",-0.585962696268539,-0.659531216655476,0.0768760112631957,-0.620789916331592,-0.640076803144351,0.173219742700723,-0.697411069729937,-0.699976372277643,-0.0415636227771787,-0.779767633083527,-0.792190209274884,0.126707820497791
"38",4,"WALKING_UPSTAIRS",-0.585962696268539,-0.659531216655476,0.0768760112631957,-0.620789916331592,-0.640076803144351,0.173219742700723,-0.697411069729937,-0.699976372277643,-0.0415636227771787,-0.779767633083527,-0.792190209274884,0.126707820497791
"39",12,"WALKING_UPSTAIRS",-0.585962696268539,-0.659531216655476,0.0768760112631957,-0.620789916331592,-0.640076803144351,0.173219742700723,-0.697411069729937,-0.699976372277643,-0.0415636227771787,-0.779767633083527,-0.792190209274884,0.126707820497791
"40",9,"WALKING_UPSTAIRS",-0.585962696268539,-0.659531216655476,0.0768760112631957,-0.620789916331592,-0.640076803144351,0.173219742700723,-0.697411069729937,-0.699976372277643,-0.0415636227771787,-0.779767633083527,-0.792190209274884,0.126707820497791
"41",7,"WALKING_UPSTAIRS",-0.585962696268539,-0.659531216655476,0.0768760112631957,-0.620789916331592,-0.640076803144351,0.173219742700723,-0.697411069729937,-0.699976372277643,-0.0415636227771787,-0.779767633083527,-0.792190209274884,0.126707820497791
"42",11,"WALKING_UPSTAIRS",-0.585962696268539,-0.659531216655476,0.0768760112631957,-0.620789916331592,-0.640076803144351,0.173219742700723,-0.697411069729937,-0.699976372277643,-0.0415636227771787,-0.779767633083527,-0.792190209274884,0.126707820497791
"43",2,"WALKING_UPSTAIRS",-0.585962696268539,-0.659531216655476,0.0768760112631957,-0.620789916331592,-0.640076803144351,0.173219742700723,-0.697411069729937,-0.699976372277643,-0.0415636227771787,-0.779767633083527,-0.792190209274884,0.126707820497791
"44",6,"WALKING_UPSTAIRS",-0.585962696268539,-0.659531216655476,0.0768760112631957,-0.620789916331592,-0.640076803144351,0.173219742700723,-0.697411069729937,-0.699976372277643,-0.0415636227771787,-0.779767633083527,-0.792190209274884,0.126707820497791
"45",25,"WALKING_UPSTAIRS",-0.585962696268539,-0.659531216655476,0.0768760112631957,-0.620789916331592,-0.640076803144351,0.173219742700723,-0.697411069729937,-0.699976372277643,-0.0415636227771787,-0.779767633083527,-0.792190209274884,0.126707820497791
"46",5,"WALKING_UPSTAIRS",-0.585962696268539,-0.659531216655476,0.0768760112631957,-0.620789916331592,-0.640076803144351,0.173219742700723,-0.697411069729937,-0.699976372277643,-0.0415636227771787,-0.779767633083527,-0.792190209274884,0.126707820497791
"47",18,"WALKING_UPSTAIRS",-0.585962696268539,-0.659531216655476,0.0768760112631957,-0.620789916331592,-0.640076803144351,0.173219742700723,-0.697411069729937,-0.699976372277643,-0.0415636227771787,-0.779767633083527,-0.792190209274884,0.126707820497791
"48",15,"WALKING_UPSTAIRS",-0.585962696268539,-0.659531216655476,0.0768760112631957,-0.620789916331592,-0.640076803144351,0.173219742700723,-0.697411069729937,-0.699976372277643,-0.0415636227771787,-0.779767633083527,-0.792190209274884,0.126707820497791
"49",26,"WALKING_UPSTAIRS",-0.585962696268539,-0.659531216655476,0.0768760112631957,-0.620789916331592,-0.640076803144351,0.173219742700723,-0.697411069729937,-0.699976372277643,-0.0415636227771787,-0.779767633083527,-0.792190209274884,0.126707820497791
"50",8,"WALKING_UPSTAIRS",-0.585962696268539,-0.659531216655476,0.0768760112631957,-0.620789916331592,-0.640076803144351,0.173219742700723,-0.697411069729937,-0.699976372277643,-0.0415636227771787,-0.779767633083527,-0.792190209274884,0.126707820497791
"51",27,"WALKING_UPSTAIRS",-0.585962696268539,-0.659531216655476,0.0768760112631957,-0.620789916331592,-0.640076803144351,0.173219742700723,-0.697411069729937,-0.699976372277643,-0.0415636227771787,-0.779767633083527,-0.792190209274884,0.126707820497791
"52",14,"WALKING_UPSTAIRS",-0.585962696268539,-0.659531216655476,0.0768760112631957,-0.620789916331592,-0.640076803144351,0.173219742700723,-0.697411069729937,-0.699976372277643,-0.0415636227771787,-0.779767633083527,-0.792190209274884,0.126707820497791
"53",16,"WALKING_UPSTAIRS",-0.585962696268539,-0.659531216655476,0.0768760112631957,-0.620789916331592,-0.640076803144351,0.173219742700723,-0.697411069729937,-0.699976372277643,-0.0415636227771787,-0.779767633083527,-0.792190209274884,0.126707820497791
"54",28,"WALKING_UPSTAIRS",-0.585962696268539,-0.659531216655476,0.0768760112631957,-0.620789916331592,-0.640076803144351,0.173219742700723,-0.697411069729937,-0.699976372277643,-0.0415636227771787,-0.779767633083527,-0.792190209274884,0.126707820497791
"55",24,"WALKING_UPSTAIRS",-0.585962696268539,-0.659531216655476,0.0768760112631957,-0.620789916331592,-0.640076803144351,0.173219742700723,-0.697411069729937,-0.699976372277643,-0.0415636227771787,-0.779767633083527,-0.792190209274884,0.126707820497791
"56",17,"WALKING_UPSTAIRS",-0.585962696268539,-0.659531216655476,0.0768760112631957,-0.620789916331592,-0.640076803144351,0.173219742700723,-0.697411069729937,-0.699976372277643,-0.0415636227771787,-0.779767633083527,-0.792190209274884,0.126707820497791
"57",29,"WALKING_UPSTAIRS",-0.585962696268539,-0.659531216655476,0.0768760112631957,-0.620789916331592,-0.640076803144351,0.173219742700723,-0.697411069729937,-0.699976372277643,-0.0415636227771787,-0.779767633083527,-0.792190209274884,0.126707820497791
"58",10,"WALKING_UPSTAIRS",-0.585962696268539,-0.659531216655476,0.0768760112631957,-0.620789916331592,-0.640076803144351,0.173219742700723,-0.697411069729937,-0.699976372277643,-0.0415636227771787,-0.779767633083527,-0.792190209274884,0.126707820497791
"59",19,"WALKING_UPSTAIRS",-0.585962696268539,-0.659531216655476,0.0768760112631957,-0.620789916331592,-0.640076803144351,0.173219742700723,-0.697411069729937,-0.699976372277643,-0.0415636227771787,-0.779767633083527,-0.792190209274884,0.126707820497791
"60",30,"WALKING_UPSTAIRS",-0.585962696268539,-0.659531216655476,0.0768760112631957,-0.620789916331592,-0.640076803144351,0.173219742700723,-0.697411069729937,-0.699976372277643,-0.0415636227771787,-0.779767633083527,-0.792190209274884,0.126707820497791
"61",3,"WALKING_DOWNSTAIRS",-0.585962696268539,-0.659531216655476,0.0768760112631957,-0.620789916331592,-0.640076803144351,0.173219742700723,-0.697411069729937,-0.699976372277643,-0.0415636227771787,-0.779767633083527,-0.792190209274884,0.126707820497791
"62",13,"WALKING_DOWNSTAIRS",-0.585962696268539,-0.659531216655476,0.0768760112631957,-0.620789916331592,-0.640076803144351,0.173219742700723,-0.697411069729937,-0.699976372277643,-0.0415636227771787,-0.779767633083527,-0.792190209274884,0.126707820497791
"63",7,"WALKING_DOWNSTAIRS",-0.585962696268539,-0.659531216655476,0.0768760112631957,-0.620789916331592,-0.640076803144351,0.173219742700723,-0.697411069729937,-0.699976372277643,-0.0415636227771787,-0.779767633083527,-0.792190209274884,0.126707820497791
"64",14,"WALKING_DOWNSTAIRS",-0.585962696268539,-0.659531216655476,0.0768760112631957,-0.620789916331592,-0.640076803144351,0.173219742700723,-0.697411069729937,-0.699976372277643,-0.0415636227771787,-0.779767633083527,-0.792190209274884,0.126707820497791
"65",20,"WALKING_DOWNSTAIRS",-0.585962696268539,-0.659531216655476,0.0768760112631957,-0.620789916331592,-0.640076803144351,0.173219742700723,-0.697411069729937,-0.699976372277643,-0.0415636227771787,-0.779767633083527,-0.792190209274884,0.126707820497791
"66",18,"WALKING_DOWNSTAIRS",-0.585962696268539,-0.659531216655476,0.0768760112631957,-0.620789916331592,-0.640076803144351,0.173219742700723,-0.697411069729937,-0.699976372277643,-0.0415636227771787,-0.779767633083527,-0.792190209274884,0.126707820497791
"67",9,"WALKING_DOWNSTAIRS",-0.585962696268539,-0.659531216655476,0.0768760112631957,-0.620789916331592,-0.640076803144351,0.173219742700723,-0.697411069729937,-0.699976372277643,-0.0415636227771787,-0.779767633083527,-0.792190209274884,0.126707820497791
"68",11,"WALKING_DOWNSTAIRS",-0.585962696268539,-0.659531216655476,0.0768760112631957,-0.620789916331592,-0.640076803144351,0.173219742700723,-0.697411069729937,-0.699976372277643,-0.0415636227771787,-0.779767633083527,-0.792190209274884,0.126707820497791
"69",24,"WALKING_DOWNSTAIRS",-0.585962696268539,-0.659531216655476,0.0768760112631957,-0.620789916331592,-0.640076803144351,0.173219742700723,-0.697411069729937,-0.699976372277643,-0.0415636227771787,-0.779767633083527,-0.792190209274884,0.126707820497791
"70",22,"WALKING_DOWNSTAIRS",-0.585962696268539,-0.659531216655476,0.0768760112631957,-0.620789916331592,-0.640076803144351,0.173219742700723,-0.697411069729937,-0.699976372277643,-0.0415636227771787,-0.779767633083527,-0.792190209274884,0.126707820497791
"71",19,"WALKING_DOWNSTAIRS",-0.585962696268539,-0.659531216655476,0.0768760112631957,-0.620789916331592,-0.640076803144351,0.173219742700723,-0.697411069729937,-0.699976372277643,-0.0415636227771787,-0.779767633083527,-0.792190209274884,0.126707820497791
"72",6,"WALKING_DOWNSTAIRS",-0.585962696268539,-0.659531216655476,0.0768760112631957,-0.620789916331592,-0.640076803144351,0.173219742700723,-0.697411069729937,-0.699976372277643,-0.0415636227771787,-0.779767633083527,-0.792190209274884,0.126707820497791
"73",15,"WALKING_DOWNSTAIRS",-0.585962696268539,-0.659531216655476,0.0768760112631957,-0.620789916331592,-0.640076803144351,0.173219742700723,-0.697411069729937,-0.699976372277643,-0.0415636227771787,-0.779767633083527,-0.792190209274884,0.126707820497791
"74",17,"WALKING_DOWNSTAIRS",-0.585962696268539,-0.659531216655476,0.0768760112631957,-0.620789916331592,-0.640076803144351,0.173219742700723,-0.697411069729937,-0.699976372277643,-0.0415636227771787,-0.779767633083527,-0.792190209274884,0.126707820497791
"75",1,"WALKING_DOWNSTAIRS",-0.585962696268539,-0.659531216655476,0.0768760112631957,-0.620789916331592,-0.640076803144351,0.173219742700723,-0.697411069729937,-0.699976372277643,-0.0415636227771787,-0.779767633083527,-0.792190209274884,0.126707820497791
"76",21,"WALKING_DOWNSTAIRS",-0.585962696268539,-0.659531216655476,0.0768760112631957,-0.620789916331592,-0.640076803144351,0.173219742700723,-0.697411069729937,-0.699976372277643,-0.0415636227771787,-0.779767633083527,-0.792190209274884,0.126707820497791
"77",23,"WALKING_DOWNSTAIRS",-0.585962696268539,-0.659531216655476,0.0768760112631957,-0.620789916331592,-0.640076803144351,0.173219742700723,-0.697411069729937,-0.699976372277643,-0.0415636227771787,-0.779767633083527,-0.792190209274884,0.126707820497791
"78",25,"WALKING_DOWNSTAIRS",-0.585962696268539,-0.659531216655476,0.0768760112631957,-0.620789916331592,-0.640076803144351,0.173219742700723,-0.697411069729937,-0.699976372277643,-0.0415636227771787,-0.779767633083527,-0.792190209274884,0.126707820497791
"79",4,"WALKING_DOWNSTAIRS",-0.585962696268539,-0.659531216655476,0.0768760112631957,-0.620789916331592,-0.640076803144351,0.173219742700723,-0.697411069729937,-0.699976372277643,-0.0415636227771787,-0.779767633083527,-0.792190209274884,0.126707820497791
"80",26,"WALKING_DOWNSTAIRS",-0.585962696268539,-0.659531216655476,0.0768760112631957,-0.620789916331592,-0.640076803144351,0.173219742700723,-0.697411069729937,-0.699976372277643,-0.0415636227771787,-0.779767633083527,-0.792190209274884,0.126707820497791
"81",5,"WALKING_DOWNSTAIRS",-0.585962696268539,-0.659531216655476,0.0768760112631957,-0.620789916331592,-0.640076803144351,0.173219742700723,-0.697411069729937,-0.699976372277643,-0.0415636227771787,-0.779767633083527,-0.792190209274884,0.126707820497791
"82",8,"WALKING_DOWNSTAIRS",-0.585962696268539,-0.659531216655476,0.0768760112631957,-0.620789916331592,-0.640076803144351,0.173219742700723,-0.697411069729937,-0.699976372277643,-0.0415636227771787,-0.779767633083527,-0.792190209274884,0.126707820497791
"83",29,"WALKING_DOWNSTAIRS",-0.585962696268539,-0.659531216655476,0.0768760112631957,-0.620789916331592,-0.640076803144351,0.173219742700723,-0.697411069729937,-0.699976372277643,-0.0415636227771787,-0.779767633083527,-0.792190209274884,0.126707820497791
"84",27,"WALKING_DOWNSTAIRS",-0.585962696268539,-0.659531216655476,0.0768760112631957,-0.620789916331592,-0.640076803144351,0.173219742700723,-0.697411069729937,-0.699976372277643,-0.0415636227771787,-0.779767633083527,-0.792190209274884,0.126707820497791
"85",10,"WALKING_DOWNSTAIRS",-0.585962696268539,-0.659531216655476,0.0768760112631957,-0.620789916331592,-0.640076803144351,0.173219742700723,-0.697411069729937,-0.699976372277643,-0.0415636227771787,-0.779767633083527,-0.792190209274884,0.126707820497791
"86",16,"WALKING_DOWNSTAIRS",-0.585962696268539,-0.659531216655476,0.0768760112631957,-0.620789916331592,-0.640076803144351,0.173219742700723,-0.697411069729937,-0.699976372277643,-0.0415636227771787,-0.779767633083527,-0.792190209274884,0.126707820497791
"87",12,"WALKING_DOWNSTAIRS",-0.585962696268539,-0.659531216655476,0.0768760112631957,-0.620789916331592,-0.640076803144351,0.173219742700723,-0.697411069729937,-0.699976372277643,-0.0415636227771787,-0.779767633083527,-0.792190209274884,0.126707820497791
"88",28,"WALKING_DOWNSTAIRS",-0.585962696268539,-0.659531216655476,0.0768760112631957,-0.620789916331592,-0.640076803144351,0.173219742700723,-0.697411069729937,-0.699976372277643,-0.0415636227771787,-0.779767633083527,-0.792190209274884,0.126707820497791
"89",30,"WALKING_DOWNSTAIRS",-0.585962696268539,-0.659531216655476,0.0768760112631957,-0.620789916331592,-0.640076803144351,0.173219742700723,-0.697411069729937,-0.699976372277643,-0.0415636227771787,-0.779767633083527,-0.792190209274884,0.126707820497791
"90",2,"WALKING_DOWNSTAIRS",-0.585962696268539,-0.659531216655476,0.0768760112631957,-0.620789916331592,-0.640076803144351,0.173219742700723,-0.697411069729937,-0.699976372277643,-0.0415636227771787,-0.779767633083527,-0.792190209274884,0.126707820497791
"91",3,"SITTING",-0.585962696268539,-0.659531216655476,0.0768760112631957,-0.620789916331592,-0.640076803144351,0.173219742700723,-0.697411069729937,-0.699976372277643,-0.0415636227771787,-0.779767633083527,-0.792190209274884,0.126707820497791
"92",29,"SITTING",-0.585962696268539,-0.659531216655476,0.0768760112631957,-0.620789916331592,-0.640076803144351,0.173219742700723,-0.697411069729937,-0.699976372277643,-0.0415636227771787,-0.779767633083527,-0.792190209274884,0.126707820497791
"93",4,"SITTING",-0.585962696268539,-0.659531216655476,0.0768760112631957,-0.620789916331592,-0.640076803144351,0.173219742700723,-0.697411069729937,-0.699976372277643,-0.0415636227771787,-0.779767633083527,-0.792190209274884,0.126707820497791
"94",10,"SITTING",-0.585962696268539,-0.659531216655476,0.0768760112631957,-0.620789916331592,-0.640076803144351,0.173219742700723,-0.697411069729937,-0.699976372277643,-0.0415636227771787,-0.779767633083527,-0.792190209274884,0.126707820497791
"95",7,"SITTING",-0.585962696268539,-0.659531216655476,0.0768760112631957,-0.620789916331592,-0.640076803144351,0.173219742700723,-0.697411069729937,-0.699976372277643,-0.0415636227771787,-0.779767633083527,-0.792190209274884,0.126707820497791
"96",12,"SITTING",-0.585962696268539,-0.659531216655476,0.0768760112631957,-0.620789916331592,-0.640076803144351,0.173219742700723,-0.697411069729937,-0.699976372277643,-0.0415636227771787,-0.779767633083527,-0.792190209274884,0.126707820497791
"97",28,"SITTING",-0.585962696268539,-0.659531216655476,0.0768760112631957,-0.620789916331592,-0.640076803144351,0.173219742700723,-0.697411069729937,-0.699976372277643,-0.0415636227771787,-0.779767633083527,-0.792190209274884,0.126707820497791
"98",6,"SITTING",-0.585962696268539,-0.659531216655476,0.0768760112631957,-0.620789916331592,-0.640076803144351,0.173219742700723,-0.697411069729937,-0.699976372277643,-0.0415636227771787,-0.779767633083527,-0.792190209274884,0.126707820497791
"99",21,"SITTING",-0.585962696268539,-0.659531216655476,0.0768760112631957,-0.620789916331592,-0.640076803144351,0.173219742700723,-0.697411069729937,-0.699976372277643,-0.0415636227771787,-0.779767633083527,-0.792190209274884,0.126707820497791
"100",25,"SITTING",-0.585962696268539,-0.659531216655476,0.0768760112631957,-0.620789916331592,-0.640076803144351,0.173219742700723,-0.697411069729937,-0.699976372277643,-0.0415636227771787,-0.779767633083527,-0.792190209274884,0.126707820497791
"101",30,"SITTING",-0.585962696268539,-0.659531216655476,0.0768760112631957,-0.620789916331592,-0.640076803144351,0.173219742700723,-0.697411069729937,-0.699976372277643,-0.0415636227771787,-0.779767633083527,-0.792190209274884,0.126707820497791
"102",9,"SITTING",-0.585962696268539,-0.659531216655476,0.0768760112631957,-0.620789916331592,-0.640076803144351,0.173219742700723,-0.697411069729937,-0.699976372277643,-0.0415636227771787,-0.779767633083527,-0.792190209274884,0.126707820497791
"103",11,"SITTING",-0.585962696268539,-0.659531216655476,0.0768760112631957,-0.620789916331592,-0.640076803144351,0.173219742700723,-0.697411069729937,-0.699976372277643,-0.0415636227771787,-0.779767633083527,-0.792190209274884,0.126707820497791
"104",5,"SITTING",-0.585962696268539,-0.659531216655476,0.0768760112631957,-0.620789916331592,-0.640076803144351,0.173219742700723,-0.697411069729937,-0.699976372277643,-0.0415636227771787,-0.779767633083527,-0.792190209274884,0.126707820497791
"105",27,"SITTING",-0.585962696268539,-0.659531216655476,0.0768760112631957,-0.620789916331592,-0.640076803144351,0.173219742700723,-0.697411069729937,-0.699976372277643,-0.0415636227771787,-0.779767633083527,-0.792190209274884,0.126707820497791
"106",13,"SITTING",-0.585962696268539,-0.659531216655476,0.0768760112631957,-0.620789916331592,-0.640076803144351,0.173219742700723,-0.697411069729937,-0.699976372277643,-0.0415636227771787,-0.779767633083527,-0.792190209274884,0.126707820497791
"107",19,"SITTING",-0.585962696268539,-0.659531216655476,0.0768760112631957,-0.620789916331592,-0.640076803144351,0.173219742700723,-0.697411069729937,-0.699976372277643,-0.0415636227771787,-0.779767633083527,-0.792190209274884,0.126707820497791
"108",20,"SITTING",-0.585962696268539,-0.659531216655476,0.0768760112631957,-0.620789916331592,-0.640076803144351,0.173219742700723,-0.697411069729937,-0.699976372277643,-0.0415636227771787,-0.779767633083527,-0.792190209274884,0.126707820497791
"109",26,"SITTING",-0.585962696268539,-0.659531216655476,0.0768760112631957,-0.620789916331592,-0.640076803144351,0.173219742700723,-0.697411069729937,-0.699976372277643,-0.0415636227771787,-0.779767633083527,-0.792190209274884,0.126707820497791
"110",14,"SITTING",-0.585962696268539,-0.659531216655476,0.0768760112631957,-0.620789916331592,-0.640076803144351,0.173219742700723,-0.697411069729937,-0.699976372277643,-0.0415636227771787,-0.779767633083527,-0.792190209274884,0.126707820497791
"111",24,"SITTING",-0.585962696268539,-0.659531216655476,0.0768760112631957,-0.620789916331592,-0.640076803144351,0.173219742700723,-0.697411069729937,-0.699976372277643,-0.0415636227771787,-0.779767633083527,-0.792190209274884,0.126707820497791
"112",2,"SITTING",-0.585962696268539,-0.659531216655476,0.0768760112631957,-0.620789916331592,-0.640076803144351,0.173219742700723,-0.697411069729937,-0.699976372277643,-0.0415636227771787,-0.779767633083527,-0.792190209274884,0.126707820497791
"113",22,"SITTING",-0.585962696268539,-0.659531216655476,0.0768760112631957,-0.620789916331592,-0.640076803144351,0.173219742700723,-0.697411069729937,-0.699976372277643,-0.0415636227771787,-0.779767633083527,-0.792190209274884,0.126707820497791
"114",8,"SITTING",-0.585962696268539,-0.659531216655476,0.0768760112631957,-0.620789916331592,-0.640076803144351,0.173219742700723,-0.697411069729937,-0.699976372277643,-0.0415636227771787,-0.779767633083527,-0.792190209274884,0.126707820497791
"115",1,"SITTING",-0.585962696268539,-0.659531216655476,0.0768760112631957,-0.620789916331592,-0.640076803144351,0.173219742700723,-0.697411069729937,-0.699976372277643,-0.0415636227771787,-0.779767633083527,-0.792190209274884,0.126707820497791
"116",23,"SITTING",-0.585962696268539,-0.659531216655476,0.0768760112631957,-0.620789916331592,-0.640076803144351,0.173219742700723,-0.697411069729937,-0.699976372277643,-0.0415636227771787,-0.779767633083527,-0.792190209274884,0.126707820497791
"117",18,"SITTING",-0.585962696268539,-0.659531216655476,0.0768760112631957,-0.620789916331592,-0.640076803144351,0.173219742700723,-0.697411069729937,-0.699976372277643,-0.0415636227771787,-0.779767633083527,-0.792190209274884,0.126707820497791
"118",16,"SITTING",-0.585962696268539,-0.659531216655476,0.0768760112631957,-0.620789916331592,-0.640076803144351,0.173219742700723,-0.697411069729937,-0.699976372277643,-0.0415636227771787,-0.779767633083527,-0.792190209274884,0.126707820497791
"119",17,"SITTING",-0.585962696268539,-0.659531216655476,0.0768760112631957,-0.620789916331592,-0.640076803144351,0.173219742700723,-0.697411069729937,-0.699976372277643,-0.0415636227771787,-0.779767633083527,-0.792190209274884,0.126707820497791
"120",15,"SITTING",-0.585962696268539,-0.659531216655476,0.0768760112631957,-0.620789916331592,-0.640076803144351,0.173219742700723,-0.697411069729937,-0.699976372277643,-0.0415636227771787,-0.779767633083527,-0.792190209274884,0.126707820497791
"121",2,"STANDING",-0.585962696268539,-0.659531216655476,0.0768760112631957,-0.620789916331592,-0.640076803144351,0.173219742700723,-0.697411069729937,-0.699976372277643,-0.0415636227771787,-0.779767633083527,-0.792190209274884,0.126707820497791
"122",3,"STANDING",-0.585962696268539,-0.659531216655476,0.0768760112631957,-0.620789916331592,-0.640076803144351,0.173219742700723,-0.697411069729937,-0.699976372277643,-0.0415636227771787,-0.779767633083527,-0.792190209274884,0.126707820497791
"123",20,"STANDING",-0.585962696268539,-0.659531216655476,0.0768760112631957,-0.620789916331592,-0.640076803144351,0.173219742700723,-0.697411069729937,-0.699976372277643,-0.0415636227771787,-0.779767633083527,-0.792190209274884,0.126707820497791
"124",7,"STANDING",-0.585962696268539,-0.659531216655476,0.0768760112631957,-0.620789916331592,-0.640076803144351,0.173219742700723,-0.697411069729937,-0.699976372277643,-0.0415636227771787,-0.779767633083527,-0.792190209274884,0.126707820497791
"125",27,"STANDING",-0.585962696268539,-0.659531216655476,0.0768760112631957,-0.620789916331592,-0.640076803144351,0.173219742700723,-0.697411069729937,-0.699976372277643,-0.0415636227771787,-0.779767633083527,-0.792190209274884,0.126707820497791
"126",30,"STANDING",-0.585962696268539,-0.659531216655476,0.0768760112631957,-0.620789916331592,-0.640076803144351,0.173219742700723,-0.697411069729937,-0.699976372277643,-0.0415636227771787,-0.779767633083527,-0.792190209274884,0.126707820497791
"127",4,"STANDING",-0.585962696268539,-0.659531216655476,0.0768760112631957,-0.620789916331592,-0.640076803144351,0.173219742700723,-0.697411069729937,-0.699976372277643,-0.0415636227771787,-0.779767633083527,-0.792190209274884,0.126707820497791
"128",12,"STANDING",-0.585962696268539,-0.659531216655476,0.0768760112631957,-0.620789916331592,-0.640076803144351,0.173219742700723,-0.697411069729937,-0.699976372277643,-0.0415636227771787,-0.779767633083527,-0.792190209274884,0.126707820497791
"129",5,"STANDING",-0.585962696268539,-0.659531216655476,0.0768760112631957,-0.620789916331592,-0.640076803144351,0.173219742700723,-0.697411069729937,-0.699976372277643,-0.0415636227771787,-0.779767633083527,-0.792190209274884,0.126707820497791
"130",19,"STANDING",-0.585962696268539,-0.659531216655476,0.0768760112631957,-0.620789916331592,-0.640076803144351,0.173219742700723,-0.697411069729937,-0.699976372277643,-0.0415636227771787,-0.779767633083527,-0.792190209274884,0.126707820497791
"131",21,"STANDING",-0.585962696268539,-0.659531216655476,0.0768760112631957,-0.620789916331592,-0.640076803144351,0.173219742700723,-0.697411069729937,-0.699976372277643,-0.0415636227771787,-0.779767633083527,-0.792190209274884,0.126707820497791
"132",13,"STANDING",-0.585962696268539,-0.659531216655476,0.0768760112631957,-0.620789916331592,-0.640076803144351,0.173219742700723,-0.697411069729937,-0.699976372277643,-0.0415636227771787,-0.779767633083527,-0.792190209274884,0.126707820497791
"133",10,"STANDING",-0.585962696268539,-0.659531216655476,0.0768760112631957,-0.620789916331592,-0.640076803144351,0.173219742700723,-0.697411069729937,-0.699976372277643,-0.0415636227771787,-0.779767633083527,-0.792190209274884,0.126707820497791
"134",8,"STANDING",-0.585962696268539,-0.659531216655476,0.0768760112631957,-0.620789916331592,-0.640076803144351,0.173219742700723,-0.697411069729937,-0.699976372277643,-0.0415636227771787,-0.779767633083527,-0.792190209274884,0.126707820497791
"135",11,"STANDING",-0.585962696268539,-0.659531216655476,0.0768760112631957,-0.620789916331592,-0.640076803144351,0.173219742700723,-0.697411069729937,-0.699976372277643,-0.0415636227771787,-0.779767633083527,-0.792190209274884,0.126707820497791
"136",9,"STANDING",-0.585962696268539,-0.659531216655476,0.0768760112631957,-0.620789916331592,-0.640076803144351,0.173219742700723,-0.697411069729937,-0.699976372277643,-0.0415636227771787,-0.779767633083527,-0.792190209274884,0.126707820497791
"137",24,"STANDING",-0.585962696268539,-0.659531216655476,0.0768760112631957,-0.620789916331592,-0.640076803144351,0.173219742700723,-0.697411069729937,-0.699976372277643,-0.0415636227771787,-0.779767633083527,-0.792190209274884,0.126707820497791
"138",22,"STANDING",-0.585962696268539,-0.659531216655476,0.0768760112631957,-0.620789916331592,-0.640076803144351,0.173219742700723,-0.697411069729937,-0.699976372277643,-0.0415636227771787,-0.779767633083527,-0.792190209274884,0.126707820497791
"139",18,"STANDING",-0.585962696268539,-0.659531216655476,0.0768760112631957,-0.620789916331592,-0.640076803144351,0.173219742700723,-0.697411069729937,-0.699976372277643,-0.0415636227771787,-0.779767633083527,-0.792190209274884,0.126707820497791
"140",28,"STANDING",-0.585962696268539,-0.659531216655476,0.0768760112631957,-0.620789916331592,-0.640076803144351,0.173219742700723,-0.697411069729937,-0.699976372277643,-0.0415636227771787,-0.779767633083527,-0.792190209274884,0.126707820497791
"141",6,"STANDING",-0.585962696268539,-0.659531216655476,0.0768760112631957,-0.620789916331592,-0.640076803144351,0.173219742700723,-0.697411069729937,-0.699976372277643,-0.0415636227771787,-0.779767633083527,-0.792190209274884,0.126707820497791
"142",17,"STANDING",-0.585962696268539,-0.659531216655476,0.0768760112631957,-0.620789916331592,-0.640076803144351,0.173219742700723,-0.697411069729937,-0.699976372277643,-0.0415636227771787,-0.779767633083527,-0.792190209274884,0.126707820497791
"143",16,"STANDING",-0.585962696268539,-0.659531216655476,0.0768760112631957,-0.620789916331592,-0.640076803144351,0.173219742700723,-0.697411069729937,-0.699976372277643,-0.0415636227771787,-0.779767633083527,-0.792190209274884,0.126707820497791
"144",14,"STANDING",-0.585962696268539,-0.659531216655476,0.0768760112631957,-0.620789916331592,-0.640076803144351,0.173219742700723,-0.697411069729937,-0.699976372277643,-0.0415636227771787,-0.779767633083527,-0.792190209274884,0.126707820497791
"145",23,"STANDING",-0.585962696268539,-0.659531216655476,0.0768760112631957,-0.620789916331592,-0.640076803144351,0.173219742700723,-0.697411069729937,-0.699976372277643,-0.0415636227771787,-0.779767633083527,-0.792190209274884,0.126707820497791
"146",15,"STANDING",-0.585962696268539,-0.659531216655476,0.0768760112631957,-0.620789916331592,-0.640076803144351,0.173219742700723,-0.697411069729937,-0.699976372277643,-0.0415636227771787,-0.779767633083527,-0.792190209274884,0.126707820497791
"147",29,"STANDING",-0.585962696268539,-0.659531216655476,0.0768760112631957,-0.620789916331592,-0.640076803144351,0.173219742700723,-0.697411069729937,-0.699976372277643,-0.0415636227771787,-0.779767633083527,-0.792190209274884,0.126707820497791
"148",26,"STANDING",-0.585962696268539,-0.659531216655476,0.0768760112631957,-0.620789916331592,-0.640076803144351,0.173219742700723,-0.697411069729937,-0.699976372277643,-0.0415636227771787,-0.779767633083527,-0.792190209274884,0.126707820497791
"149",25,"STANDING",-0.585962696268539,-0.659531216655476,0.0768760112631957,-0.620789916331592,-0.640076803144351,0.173219742700723,-0.697411069729937,-0.699976372277643,-0.0415636227771787,-0.779767633083527,-0.792190209274884,0.126707820497791
"150",1,"STANDING",-0.585962696268539,-0.659531216655476,0.0768760112631957,-0.620789916331592,-0.640076803144351,0.173219742700723,-0.697411069729937,-0.699976372277643,-0.0415636227771787,-0.779767633083527,-0.792190209274884,0.126707820497791
"151",30,"LAYING",-0.585962696268539,-0.659531216655476,0.0768760112631957,-0.620789916331592,-0.640076803144351,0.173219742700723,-0.697411069729937,-0.699976372277643,-0.0415636227771787,-0.779767633083527,-0.792190209274884,0.126707820497791
"152",27,"LAYING",-0.585962696268539,-0.659531216655476,0.0768760112631957,-0.620789916331592,-0.640076803144351,0.173219742700723,-0.697411069729937,-0.699976372277643,-0.0415636227771787,-0.779767633083527,-0.792190209274884,0.126707820497791
"153",14,"LAYING",-0.585962696268539,-0.659531216655476,0.0768760112631957,-0.620789916331592,-0.640076803144351,0.173219742700723,-0.697411069729937,-0.699976372277643,-0.0415636227771787,-0.779767633083527,-0.792190209274884,0.126707820497791
"154",28,"LAYING",-0.585962696268539,-0.659531216655476,0.0768760112631957,-0.620789916331592,-0.640076803144351,0.173219742700723,-0.697411069729937,-0.699976372277643,-0.0415636227771787,-0.779767633083527,-0.792190209274884,0.126707820497791
"155",6,"LAYING",-0.585962696268539,-0.659531216655476,0.0768760112631957,-0.620789916331592,-0.640076803144351,0.173219742700723,-0.697411069729937,-0.699976372277643,-0.0415636227771787,-0.779767633083527,-0.792190209274884,0.126707820497791
"156",13,"LAYING",-0.585962696268539,-0.659531216655476,0.0768760112631957,-0.620789916331592,-0.640076803144351,0.173219742700723,-0.697411069729937,-0.699976372277643,-0.0415636227771787,-0.779767633083527,-0.792190209274884,0.126707820497791
"157",26,"LAYING",-0.585962696268539,-0.659531216655476,0.0768760112631957,-0.620789916331592,-0.640076803144351,0.173219742700723,-0.697411069729937,-0.699976372277643,-0.0415636227771787,-0.779767633083527,-0.792190209274884,0.126707820497791
"158",29,"LAYING",-0.585962696268539,-0.659531216655476,0.0768760112631957,-0.620789916331592,-0.640076803144351,0.173219742700723,-0.697411069729937,-0.699976372277643,-0.0415636227771787,-0.779767633083527,-0.792190209274884,0.126707820497791
"159",20,"LAYING",-0.585962696268539,-0.659531216655476,0.0768760112631957,-0.620789916331592,-0.640076803144351,0.173219742700723,-0.697411069729937,-0.699976372277643,-0.0415636227771787,-0.779767633083527,-0.792190209274884,0.126707820497791
"160",12,"LAYING",-0.585962696268539,-0.659531216655476,0.0768760112631957,-0.620789916331592,-0.640076803144351,0.173219742700723,-0.697411069729937,-0.699976372277643,-0.0415636227771787,-0.779767633083527,-0.792190209274884,0.126707820497791
"161",11,"LAYING",-0.585962696268539,-0.659531216655476,0.0768760112631957,-0.620789916331592,-0.640076803144351,0.173219742700723,-0.697411069729937,-0.699976372277643,-0.0415636227771787,-0.779767633083527,-0.792190209274884,0.126707820497791
"162",3,"LAYING",-0.585962696268539,-0.659531216655476,0.0768760112631957,-0.620789916331592,-0.640076803144351,0.173219742700723,-0.697411069729937,-0.699976372277643,-0.0415636227771787,-0.779767633083527,-0.792190209274884,0.126707820497791
"163",7,"LAYING",-0.585962696268539,-0.659531216655476,0.0768760112631957,-0.620789916331592,-0.640076803144351,0.173219742700723,-0.697411069729937,-0.699976372277643,-0.0415636227771787,-0.779767633083527,-0.792190209274884,0.126707820497791
"164",10,"LAYING",-0.585962696268539,-0.659531216655476,0.0768760112631957,-0.620789916331592,-0.640076803144351,0.173219742700723,-0.697411069729937,-0.699976372277643,-0.0415636227771787,-0.779767633083527,-0.792190209274884,0.126707820497791
"165",8,"LAYING",-0.585962696268539,-0.659531216655476,0.0768760112631957,-0.620789916331592,-0.640076803144351,0.173219742700723,-0.697411069729937,-0.699976372277643,-0.0415636227771787,-0.779767633083527,-0.792190209274884,0.126707820497791
"166",21,"LAYING",-0.585962696268539,-0.659531216655476,0.0768760112631957,-0.620789916331592,-0.640076803144351,0.173219742700723,-0.697411069729937,-0.699976372277643,-0.0415636227771787,-0.779767633083527,-0.792190209274884,0.126707820497791
"167",4,"LAYING",-0.585962696268539,-0.659531216655476,0.0768760112631957,-0.620789916331592,-0.640076803144351,0.173219742700723,-0.697411069729937,-0.699976372277643,-0.0415636227771787,-0.779767633083527,-0.792190209274884,0.126707820497791
"168",18,"LAYING",-0.585962696268539,-0.659531216655476,0.0768760112631957,-0.620789916331592,-0.640076803144351,0.173219742700723,-0.697411069729937,-0.699976372277643,-0.0415636227771787,-0.779767633083527,-0.792190209274884,0.126707820497791
"169",5,"LAYING",-0.585962696268539,-0.659531216655476,0.0768760112631957,-0.620789916331592,-0.640076803144351,0.173219742700723,-0.697411069729937,-0.699976372277643,-0.0415636227771787,-0.779767633083527,-0.792190209274884,0.126707820497791
"170",22,"LAYING",-0.585962696268539,-0.659531216655476,0.0768760112631957,-0.620789916331592,-0.640076803144351,0.173219742700723,-0.697411069729937,-0.699976372277643,-0.0415636227771787,-0.779767633083527,-0.792190209274884,0.126707820497791
"171",9,"LAYING",-0.585962696268539,-0.659531216655476,0.0768760112631957,-0.620789916331592,-0.640076803144351,0.173219742700723,-0.697411069729937,-0.699976372277643,-0.0415636227771787,-0.779767633083527,-0.792190209274884,0.126707820497791
"172",25,"LAYING",-0.585962696268539,-0.659531216655476,0.0768760112631957,-0.620789916331592,-0.640076803144351,0.173219742700723,-0.697411069729937,-0.699976372277643,-0.0415636227771787,-0.779767633083527,-0.792190209274884,0.126707820497791
"173",19,"LAYING",-0.585962696268539,-0.659531216655476,0.0768760112631957,-0.620789916331592,-0.640076803144351,0.173219742700723,-0.697411069729937,-0.699976372277643,-0.0415636227771787,-0.779767633083527,-0.792190209274884,0.126707820497791
"174",23,"LAYING",-0.585962696268539,-0.659531216655476,0.0768760112631957,-0.620789916331592,-0.640076803144351,0.173219742700723,-0.697411069729937,-0.699976372277643,-0.0415636227771787,-0.779767633083527,-0.792190209274884,0.126707820497791
"175",24,"LAYING",-0.585962696268539,-0.659531216655476,0.0768760112631957,-0.620789916331592,-0.640076803144351,0.173219742700723,-0.697411069729937,-0.699976372277643,-0.0415636227771787,-0.779767633083527,-0.792190209274884,0.126707820497791
"176",16,"LAYING",-0.585962696268539,-0.659531216655476,0.0768760112631957,-0.620789916331592,-0.640076803144351,0.173219742700723,-0.697411069729937,-0.699976372277643,-0.0415636227771787,-0.779767633083527,-0.792190209274884,0.126707820497791
"177",1,"LAYING",-0.585962696268539,-0.659531216655476,0.0768760112631957,-0.620789916331592,-0.640076803144351,0.173219742700723,-0.697411069729937,-0.699976372277643,-0.0415636227771787,-0.779767633083527,-0.792190209274884,0.126707820497791
"178",15,"LAYING",-0.585962696268539,-0.659531216655476,0.0768760112631957,-0.620789916331592,-0.640076803144351,0.173219742700723,-0.697411069729937,-0.699976372277643,-0.0415636227771787,-0.779767633083527,-0.792190209274884,0.126707820497791
"179",2,"LAYING",-0.585962696268539,-0.659531216655476,0.0768760112631957,-0.620789916331592,-0.640076803144351,0.173219742700723,-0.697411069729937,-0.699976372277643,-0.0415636227771787,-0.779767633083527,-0.792190209274884,0.126707820497791
"180",17,"LAYING",-0.585962696268539,-0.659531216655476,0.0768760112631957,-0.620789916331592,-0.640076803144351,0.173219742700723,-0.697411069729937,-0.699976372277643,-0.0415636227771787,-0.779767633083527,-0.792190209274884,0.126707820497791
